0,1,smiles
740,Methotrexate,CN(Cc1cnc2nc(N)nc(N)c2n1)c3ccc(cc3)C(=O)N[C@@H](CCC(O)=O)C(O)=O
740,Trexall,[Na+].CN(Cc1cnc2nc(N)nc(N)c2n1)c3ccc(cc3)C(=O)N[C@@H](CCC([O-])=O)C(O)=O
740,Abitrexate,[Na+].[Na+].CN(Cc1cnc2nc(N)nc(N)c2n1)c3ccc(cc3)C(=O)NC(CCC([O-])=O)C([O-])=O
740,Mexate,CN(Cc1cnc2nc(N)nc(N)c2n1)c3ccc(cc3)C(=O)N[C@@H](CCC(O)=O)C(O)=O
740,Folex,CCCCSP(SCCCC)SCCCC
740,Amethopterin,CN(Cc1cnc2nc(N)nc(N)c2n1)c3ccc(cc3)C(=O)NC(CCC(O)=O)C(O)=O
740,MTX,CN(Cc1cnc2nc(N)nc(N)c2n1)c3ccc(cc3)C(=O)NC(CCC(O)=O)C(O)=O
740,HDMTX,CN(Cc1cnc2nc(N)nc(N)c2n1)c3ccc(cc3)C(=O)NC(CCC(O)=O)C(O)=O
740,Methylaminopterin,CNNC1=Nc2nccnc2C(=O)N1
740,Metatrexan,CN(Cc1cnc2nc(N)nc(N)c2n1)c3ccc(cc3)C(=O)NC(CCC(O)=O)C(O)=O
740,Methopterin,CN(Cc1cnc2NC(=NC(=O)c2n1)N)c3ccc(cc3)C(=O)NC(CCC(O)=O)C(O)=O
740,R 9985,-1
740,CL 14377,-1
740,"EMT 25,299",-1
740,NCI-C04671,CN(Cc1cnc2nc(N)nc(N)c2n1)c3ccc(cc3)C(=O)NC(CCC(O)=O)C(O)=O
740,METHOTREXATE,CN(Cc1cnc2nc(N)nc(N)c2n1)c3ccc(cc3)C(=O)N[C@@H](CCC(O)=O)C(O)=O
740,METHOTREXATE,CN(Cc1cnc2nc(N)nc(N)c2n1)c3ccc(cc3)C(=O)N[C@@H](CCC(O)=O)C(O)=O
740,WLN: T66 BN DN GN JNJ CZ EZ H1N1&R DVMYVQ2VQ,-1
740,"L-Glutamic acid, N-[4-[[2,4-diamino-6-pteridinyl)methyl]- methylamino]benzoyl]-",-1
740,"Glutamic acid, N-[p-[[(2,4-diamino-6-pteridinyl)methyl] methylamino]benzoyl]-, L-(+)-",-1
750,Busulfan,C[S](=O)(=O)OCCCCO[S](C)(=O)=O
750,Myleran,C[S](=O)(=O)OCCCCO[S](C)(=O)=O
750,Busulfex,C[S](=O)(=O)OCCCCO[S](C)(=O)=O
750,"1,4-Dimethylsulfonoxybutane",C[S](=O)(=O)OCCCCO[S](C)(=O)=O
750,"1,4-Butanediol dimethylsulfonate",-1
750,GT 41,-1
750,X 149,-1
750,Mablin,C[S](=O)(=O)OCCCCO[S](C)(=O)=O
750,NSC-750,C[S](=O)(=O)OCCCCO[S](C)(=O)=O
750,NSC 750,-1
750,Mileran,C[S](=O)(=O)OCCCCO[S](C)(=O)=O
750,MYLERAN,C[S](=O)(=O)OCCCCO[S](C)(=O)=O
750,GT 2041,-1
750,G.T. 41,-1
750,CB 2041,-1
750,Mielosan,C[S](=O)(=O)OCCCCO[S](C)(=O)=O
750,Misulban,C[S](=O)(=O)OCCCCO[S](C)(=O)=O
750,Mitostan,C[S](=O)(=O)OCCCCO[S](C)(=O)=O
750,AN 33501,-1
750,Myelosan,C[S](=O)(=O)OCCCCO[S](C)(=O)=O
750,Buzulfan,C[S](=O)(=O)OCCCCO[S](C)(=O)=O
750,Mielucin,CC(CCC(C)O[S](C)(=O)=O)O[S](C)(=O)=O
750,Mylecytan,C[S](=O)(=O)OCCCCO[S](C)(=O)=O
750,Busulphan,C[S](=O)(=O)OCCCCO[S](C)(=O)=O
750,C.B. 2041,-1
750,Mielevcin,C[S](=O)(=O)OCCCCO[S](C)(=O)=O
750,Milecitan,C[S](=O)(=O)OCCCCO[S](C)(=O)=O
750,NCI-C01592,C[S](=O)(=O)OCCCCO[S](C)(=O)=O
750,2041 C. B.,-1
750,Citosulfan,C[S](=O)(=O)OCCCCO[S](C)(=O)=O
750,Leucosulfan,C[S](=O)(=O)OCCCCO[S](C)(=O)=O
750,Myeloleukon,C[S](=O)(=O)OCCCCO[S](C)(=O)=O
750,Sulphabutin,C[S](=O)(=O)OCCCCO[S](C)(=O)=O
750,NSC-750sulphabutin,C[S](=O)(=O)OCCCCO[S](C)(=O)=O
750,"1,4-Dimesyloxybutane",C[S](=O)(=O)OCCCCO[S](C)(=O)=O
750,"1,4-Dimethanesulfonoxybutane",C[S](=O)(=O)OCCCCO[S](C)(=O)=O
750,"1,4-Dimethylsulfonyloxybutane",C[S](=O)(=O)OCCCCO[S](C)(=O)=O
750,"1,4-Dimethanesulfonyloxybutane",C[S](=O)(=O)OCCCCO[S](C)(=O)=O
750,"1,4-Bis[methanesulfonoxy]butane",C[S](=O)(=O)OCCCCO[S](C)(=O)=O
750,"1,4-Bis(methanesulfonyloxy)butane",C[S](=O)(=O)OCCCCO[S](C)(=O)=O
750,"1,4-Butanediol dimethanesulfonate",-1
750,Tetramethylene dimethane sulfonate,-1
750,Tetramethylene bis[methanesulfonate],-1
750,"Methanesulfonic acid, tetramethylene ester",-1
750,WLN: WS1&O4OSW1,-1
750,"1,4-Butanediol, dimethanesulfonate",-1
750,"1,4-Butanediol, dimethanesulfonate",-1
750,Sulfabutin,C[S](=O)(=O)OCCCCO[S](C)(=O)=O
752,Thioguanine,NC1=Nc2nc[nH]c2C(=S)N1
752,6-Thioguanine,NC1=Nc2nc[nH]c2C(=S)N1
752,Lanvis,NC1=NC(=S)c2[nH]cnc2N1
752,Tioguanine,NC1=NC(=S)c2[nH]cnc2N1
752,6-Mercaptoguanine,NC1=NC(=S)c2[nH]cnc2N1
752,2-Aminopurine-6-thiol,Nc1nc(S)c2[nH]cnc2n1
752,2-Amino-6-mercaptopurine,Nc1nc(S)c2[nH]cnc2n1
752,Tioguanin,NC1=NC(=S)c2[nH]cnc2N1
752,TG,NC1=NC(=S)c2[nH]cnc2N1
752,2-Amino-6-purinethiol,Nc1nc(S)c2[nH]cnc2n1
752,X 27,-1
752,6-Mercapto-2-aminopurine,Nc1nc(S)c2[nH]cnc2n1
752,"Purine-6-thiol, 2-amino-",-1
752,BW 5071,-1
752,2-Aminopurine-6(1H)-thione,NC1=Nc2nc[nH]c2C(=S)N1
752,Tabloid,NC1=NC(=S)c2[nH]cnc2N1
752,2-Amino 6MP,-1
752,Thioguanine,NC1=Nc2nc[nH]c2C(=S)N1
752,Wellcome U3B,-1
752,6-THIOGUANINE,NC1=Nc2nc[nH]c2C(=S)N1
752,NSC 752,-1
752,2-Aminopurin-6-thiol,Nc1nc(S)c2[nH]cnc2n1
752,WLN: T56 BNM FYM INJ FUS HZ,-1
752,"6H-Purine-6-thione, 2-amino-1,7-dihydro-",-1
752,"Purine-6(1H)-thione, 2-amino-",-1
752,Thioguanine,NC1=Nc2nc[nH]c2C(=S)N1
752,"Guanine, thio-",-1
755,Mercaptopurine,S=C1N=CNc2nc[nH]c12
755,6-Purinethiol,Sc1ncnc2nc[nH]c12
755,6-Mercaptopurine,Sc1ncnc2nc[nH]c12
755,6-Thiopurine,S=C1N=CNc2nc[nH]c12
755,Purinethol,O.S=C1N=CNc2nc[nH]c12
755,6-MP,S=C1N=CNc2nc[nH]c12
755,3H-Purine-6-thiol,Sc1nc[nH]c2ncnc12
755,"Purine, 6-mercapto-",-1
755,"7-Mercapto-1,3,4,6-tetrazaindene",Sc1ncnc2nc[nH]c12
755,Ismipur,S=C1N=CNc2nc[nH]c12
755,MP,S=C1N=CNc2nc[nH]c12
755,Leukeran,OC(=O)CCCc1ccc(cc1)N(CCCl)CCCl
755,Leukerin,S=C1N=CNc2nc[nH]c12
755,Leupurin,S=C1N=CNc2nc[nH]c12
755,"Purine-6-thiol, monohydrate",-1
755,Mercapurin,S=C1N=CNc2nc[nH]c12
755,Purimethol,S=C1N=CNc2nc[nH]c12
755,Mercaleukin,S=C1N=CNc2nc[nH]c12
755,Mern,S=C1N=CNc2nc[nH]c12
755,6-Thioxopurine,S=C1N=CN=C2N=CN=C12
755,U-4748,S=C1N=CNc2nc[nH]c12
755,6-Mercaptopurin,Sc1ncnc2nc[nH]c12
755,NCI-C04886,S=C1N=CNc2nc[nH]c12
755,6 MP,-1
755,Puri-Nethol,S=C1N=CNc2nc[nH]c12
755,Mercaleukim,S=C1N=CNc2nc[nH]c12
755,NSC 755,-1
755,WLN: T56 BM DN FN HNJ ISH,-1
755,6-MERCAPTOPURINE,Sc1ncnc2nc[nH]c12
755,"6H-Purine-6-thione, 1,7-dihydro-",-1
755,Purine-6-thiol,Sc1ncnc2nc[nH]c12
755,Purinethiol,Sc1ncc2[nH]cnc2n1
755,"Hypoxanthine, thio-",-1
762,Mechlorethamine hydrochloride,-1
762,Mustargen hydrochloride,-1
762,HN2,CN(CCCl)CCCl
762,Nitrogen mustard hydrochloride,-1
762,Dichloromethyldiethylamine hydrochloride,-1
762,Bis(2-chloroethyl)methylamine hydrochloride,-1
762,HN2 hydrochloride,-1
762,Methyldi(2-chloroethyl)amine hydrochloride,-1
762,Di(2-chloroethyl)methylamine hydrochloride,-1
762,Methylbis(2-chloroethyl)amine hydrochloride,-1
762,BIS(2-CHLOROETHYL)METHYLAMINE HYDROCHLORIDE,-1
762,N-Methylbis(2-chloroethyl)amine hydrochloride,-1
762,Methyldi(.beta.-chloroethyl)amine hydrochloride,-1
762,"1,5-Dichloro-3-methyl-3-azapentane hydrochloride",-1
762,Methylbis(.beta.-chloroethyl)amine hydrochloride,-1
762,"2,2'-Dichloro-N-methyldiethylamine hydrochloride",-1
762,"N-Methyl-2,2'-dichlorodiethylamine hydrochloride",-1
762,"2,2'-Dichloro-N-methyldiethylamino hydrochloride",-1
762,Azotoyperite,[H+].[Cl-].CN(CCCl)CCCl
762,N-Methylbis(.beta.-chlorethyl)amine hydrochloride,-1
762,Mitoxine,[H+].[Cl-].CN(CCCl)CCCl
762,"Methyl bis(.beta.-chloroethyl)amine, hydrochloride",-1
762,Carolysine,[H+].[Cl-].CN(CCCl)CCCl
762,"Diethylamine, 2,2'-dichloro-N-methyl, hydrochloride",-1
762,Caryolysine,[H+].[Cl-].CN(CCCl)CCCl
762,MBA hydrochloride,-1
762,".beta.,.beta.'-Dichlorodiethyl-N-methylamine hydrochloride",-1
762,2-Chloro-N-(2-chloroethyl)-N-methylethanamine hydrochlroide,-1
762,Dema,[H+].[Cl-].CN(CCCl)CCCl
762,Nitol,[H+].[Cl-].CN(CCCl)CCCl
762,SK 101,-1
762,N-Lost,[H+].[Cl-].CN(CCCl)CCCl
762,C 6866,-1
762,Erasol,[H+].[Cl-].CN(CCCl)CCCl
762,Dimitan,[H+].[Cl-].CN(CCCl)CCCl
762,Embichin,[H+].[Cl-].CN(CCCl)CCCl
762,Erasol hydrochloride,-1
762,Mustine hydrochloride,-1
762,NSC-762 hydrochloride,-1
762,Embichin hydrochloride,-1
762,Chloramin hydrochloride,-1
762,Dichloren hydrochloride,-1
762,Caryolysine hydrochloride,-1
762,Chlormethine hydrochloride,-1
762,Mechorethamine hydrochloride,-1
762,Nitrogranulogen hydrochloride,-1
762,Embikhine,[H+].[Cl-].CN(CCCl)CCCl
762,Dichloren,[ClH]=[ClH]
762,Embechine,[H+].[Cl-].CN(CCCl)CCCl
762,Erasol-Ido,[H+].[Cl-].CN(CCCl)CCCl
762,NCI-C56382,[H+].[Cl-].CN(CCCl)CCCl
762,Nitol takeda,-1
762,Chlorethazine,[H+].[Cl-].CN(CCCl)CCCl
762,Chlormethinum,[H+].[Cl-].CN(CCCl)CCCl
762,NM,[H+].[Cl-].CN(CCCl)CCCl
762,Chlorethamine,[H+].[Cl-].CN(CCCl)CCCl
762,Mebichloramine,[H+].[Cl-].CN(CCCl)CCCl
762,Stickstofflost,[H+].[Cl-].CN(CCCl)CCCl
762,"Nitol ""takeda""",-1
762,Nitrogranulogen,[H+].[Cl-].CN(CCCl)CCCl
762,Mustine hydrochlor,-1
762,Nitrogen Mustard hydrochloride,-1
762,WLN: G2N1&2G &GH,-1
762,"Ethanamine, 2-chloro-N-(2-chloroethyl)-N-methyl-, hydrochloride",-1
762,"Diethylamine, 2,2'-dichloro-N-methyl-, hydrochloride",-1
762,Kloramin,[Na+].Cc1ccc(cc1)[S](=O)(=O)[N-]Cl
762,Chloramin,[H+].[Cl-].CN(CCCl)CCCl
762,Chloramine,NCl
1390,Allopurinol,O=C1N=CN=C2NNC=C12
1390,Lopurin,O=C1N=CN=C2NNC=C12
1390,4-HPP,O=C1N=CN=C2NNC=C12
1390,HPP,[PH]P
1390,"4-Hydroxypyrazolo[3,4-d]pyrimidine",Oc1ncnc2[nH]ncc12
1390,"4-Hydroxy-1H-pyrazolo[3,4-d]pyrimidine",Oc1ncnc2[nH]ncc12
1390,"1H-Pyrazolo[3,4-d]pyrimidin-4-ol",Oc1ncnc2[nH]ncc12
1390,Uripurinol,O=C1N=CN=C2NNC=C12
1390,"4-Hydroxy-3,4-pyrazolopyrimidine",O=C1N=CN=C2NNC=C12
1390,"4-Hydroxypyrazolyl[3,4-d]pyrimidine",O=C1N=CN=C2NNC=C12
1390,"4'-Hydroxypyrazolol[3,4-d]pyrimidine",O=C1N=CN=C2NNC=C12
1390,B. W. 56-158,-1
1390,BW 56-158,-1
1390,BW 56158,-1
1390,Zyloprim,O=C1N=CN=C2NNC=C12
1390,Gotax,O=C1N=CN=C2NNC=C12
1390,Urbol,O=C1N=CN=C2NNC=C12
1390,Geapur,O=C1N=CN=C2NNC=C12
1390,Urosin,O=C1N=CN=C2NNC=C12
1390,Apurol,O=C1N=CN=C2NNC=C12
1390,Urolit,O=C1N=CN=C2NNC=C12
1390,Anzief,O=C1N=CN=C2NNC=C12
1390,Foligan,O=C1N=CN=C2NNC=C12
1390,Milurit,O=C1N=CN=C2NNC=C12
1390,Allopur,O=C1N=CN=C2NNC=C12
1390,Uriprim,O=C1N=CN=C2NNC=C12
1390,Progout,O=C1N=CN=C2NNC=C12
1390,Zyloric,O=C1N=CN=C2NNC=C12
1390,Ailural,O=C1N=CN=C2NNC=C12
1390,Embarin,O=C1N=CN=C2NNC=C12
1390,Xanturat,O=C1N=CN=C2NNC=C12
1390,Uricemil,O=C1N=CN=C2NNC=C12
1390,Bleminol,O=C1N=CN=C2NNC=C12
1390,Bloxanth,O=C1N=CN=C2NNC=C12
1390,Atisuril,O=C1N=CN=C2NNC=C12
1390,Alositol,O=C1N=CN=C2NNC=C12
1390,Ketobun-A,O=C1N=CN=C2NNC=C12
1390,Epidropal,O=C1N=CN=C2NNC=C12
1390,Anoprolin,O=C1N=CN=C2NNC=C12
1390,Allopurinol(I),O=C1N=CN=C2NNC=C12
1390,WLN: T56 BMN GN INJ FQ,-1
1390,"1,5-Dihydro-4H-pyrazolo[3,4-d]pyrimidin-4-one",O=C1NC=Nc2[nH]ncc12
1390,"4H-Pyrazolo[3,4-d]pyrimidin-4-one, 1,5-dihydro-",-1
1390,"4H-Pyrazolo[3,4-d]pyrimidin-4-one, 1,5-dihydro-",-1
3053,Dactinomycin,CC(C)C1NC(=O)C(NC(=O)c2ccc(C)c3OC4=C(C)C(=O)C(=C(C(=O)NC5C(C)OC(=O)C(C(C)C)N(C)C(=O)CN(C)C(=O)C6CCCN6C(=O)C(NC5=O)C(C)C)C4=Nc23)N)C(C)OC(=O)C(C(C)C)N(C)C(=O)CN(C)C(=O)C7CCCN7C1=O
3053,Cosmegen,CC(C)C1NC(=O)C(NC(=O)c2ccc(C)c3OC4=C(C)C(=O)C(=C(C(=O)NC5C(C)OC(=O)C(C(C)C)N(C)C(=O)CN(C)C(=O)C6CCCN6C(=O)C(NC5=O)C(C)C)C4=Nc23)N)C(C)OC(=O)C(C(C)C)N(C)C(=O)CN(C)C(=O)C7CCCN7C1=O
3053,Actinomycin D,-1
3053,Antibiotic from Streptomyces parvullus,-1
3053,Oncostatin K,-1
3053,Actinomycin 7,-1
3053,Meractinomycin,CC(C)C1NC(=O)C(NC(=O)c2ccc(C)c3OC4=C(C)C(=O)C(=C(C(=O)NC5C(C)OC(=O)C(C(C)C)N(C)C(=O)CN(C)C(=O)C6CCCN6C(=O)C(NC5=O)C(C)C)C4=Nc23)N)C(C)OC(=O)C(C(C)C)N(C)C(=O)CN(C)C(=O)C7CCCN7C1=O
3053,Actinomycin IV,-1
3053,Dactinomycin D,-1
3053,Lyovac cosmegen,-1
3053,Actinomycin AIV,-1
3053,Actinomycin X 1,-1
3053,Actinomycin I(sub1),-1
3053,Actactinomycin A IV,-1
3053,Actinomycin C(sub1),-1
3053,Actinomycin I (sub1),-1
3053,Actinomycin C (sub1),-1
3053,Dilactone actinomycin D acid,-1
3053,Dilactone actinomycindioic D acid,-1
3053,"Actinomycindioic D acid, dilactone",-1
3053,Actinomycin-[threo-val-pro-sar-meval],CC(C)C1NC(=O)C(NC(=O)c2ccc(C)c3OC4=C(C)C(=O)C(=C(C(=O)NC5C(C)OC(=O)C(C(C)C)N(C)C(=O)CN(C)C(=O)C6CCCN6C(=O)C(NC5=O)C(C)C)C4=Nc23)N)C(C)OC(=O)C(C(C)C)N(C)C(=O)CN(C)C(=O)C7CCCN7C1=O
3053,"3H-Phenoxazine-1,9-dicarboxamide, 2-amino-N,N'-bis[hexadecahydro-2,5,9-trimethyl-6,13-bis(1-methylethyl)-1,4,7,11,14-pentaoxo-1H-pyrrolo[2,1-i][1,4,7,10,13]oxatetraazacyclohexadecin-10-yl]-4,6-dimethyl-3-oxo-",-1
3053,"Specific stereoisomer of N,N'-[(2-amino-4,6-dimethyl-3-oxo-3H-phenoxazine-1,9-diyl)bis[carbonylimino(2-hydroxypropylidene)carbonyliminoisobutylidenecarbonyl-1,2-pyrrolidinediylcarbonyl(methylimino)methylenecarbonyl]]bis[N-methyl-L-valine] dilactone",-1
3053,"L-Valine, N,N'-[(2-amino-4,6-dimethyl-3-oxo-3H-phenoxazine-1,9-diyl)bis[carbonylimino[2-(1-hydroxyethyl)-1-oxo-2,1-ethanediyl]imino[2-(1-methylethyl)-1-oxo-2,1-ethanediyl]-1,2-pyrrolidinediylcarbonyl(methylimino)(1-oxo-2,1-ethanediyl)]]bis[N-methyl-, di-.xi.-lactone",-1
3053,X 97,-1
3053,ACTO-D,CC(C)C1NC(=O)C(NC(=O)c2ccc(C)c3OC4=C(C)C(=O)C(=C(C(=O)NC5C(C)OC(=O)C(C(C)C)N(C)C(=O)CN(C)C(=O)C6CCCN6C(=O)C(NC5=O)C(C)C)C4=Nc23)N)C(C)OC(=O)C(C(C)C)N(C)C(=O)CN(C)C(=O)C7CCCN7C1=O
3053,HBF 386,-1
3053,C1,CC(NC(=O)C(C)NC(=O)C(CCCC(N)C(O)=O)NC(=O)CCC(NC(=O)C(C)NC(=O)C(C)OC1C(O)C(CO)OC(O[P](O)(=O)O[P](O)(=O)OCC2OC(C(O)C2O)N3C=CC(=O)NC3=O)C1NC(C)=O)C(O)=O)C(O)=O
3053,NSC-3053,CC(C)C1NC(=O)C(NC(=O)c2ccc(C)c3OC4=C(C)C(=O)C(=C(C(=O)NC5C(C)OC(=O)C(C(C)C)N(C)C(=O)CN(C)C(=O)C6CCCN6C(=O)C(NC5=O)C(C)C)C4=Nc23)N)C(C)OC(=O)C(C(C)C)N(C)C(=O)CN(C)C(=O)C7CCCN7C1=O
3053,NCI-C04682,CC(C)C1NC(=O)C(NC(=O)c2ccc(C)c3OC4=C(C)C(=O)C(=C(C(=O)NC5C(C)OC(=O)C(C(C)C)N(C)C(=O)CN(C)C(=O)C6CCCN6C(=O)C(NC5=O)C(C)C)C4=Nc23)N)C(C)OC(=O)C(C(C)C)N(C)C(=O)CN(C)C(=O)C7CCCN7C1=O
3053,ACTINOMYCIN D,-1
3053,WLN: 16- AN FVN IVN LVO PVM SVTJ G1 J1 KY1&1 N1 RY1&1,-1
3053,WLN: TC666 BO EV INJ D1 FZ N1 GVM- OT5-16- AN FVN IVN LVO PVM SVTJ G1 J1 KY1&1 N1 RY1&1& KVM- OT5-,-1
3053,Actinomycin D,-1
3053,Actinomycin D,-1
3053,AD,CC(C)(C)OOC(C)(C)CCC(C)(C)OOC(C)(C)C
3088,Chlorambucil,OC(=O)CCCc1ccc(cc1)N(CCCl)CCCl
3088,Leukeran,OC(=O)CCCc1ccc(cc1)N(CCCl)CCCl
3088,Ambochlorin,OC(=O)CCCc1ccc(cc1)N(CCCl)CCCl
3088,Phenylbutyric acid nitrogen mustard,-1
3088,4-[Bis(2-chloroethyl)amino]phenylbutyric acid,-1
3088,"p-(N,N-Di-2-chloroethyl)aminophenyl butyric acid",-1
3088,CB 1348,-1
3088,Elcoril,OC(=O)CCCc1ccc(cc1)N(CCCl)CCCl
3088,Ecloril,OC(=O)CCCc1ccc(cc1)N(CCCl)CCCl
3088,Cb l348,-1
3088,NSC 3088,-1
3088,Leukoran,OC(=O)CCCc1ccc(cc1)N(CCCl)CCCl
3088,Leukersan,OC(=O)CCCc1ccc(cc1)N(CCCl)CCCl
3088,NCI-C03485,OC(=O)CCCc1ccc(cc1)N(CCCl)CCCl
3088,Amboclorin,OC(=O)CCCc1ccc(cc1)N(CCCl)CCCl
3088,Chlorbutin,OC(=O)CCCc1ccc(cc1)N(CCCl)CCCl
3088,Linfolizin,OC(=O)CCCc1ccc(cc1)N(CCCl)CCCl
3088,Linfolysin,OC(=O)CCCc1ccc(cc1)N(CCCl)CCCl
3088,Chlorbutine,OC(=O)CCCc1ccc(cc1)N(CCCl)CCCl
3088,Chlorobutin,OC(=O)CCCc1ccc(cc1)N(CCCl)CCCl
3088,CHLORAMBUCIL,OC(=O)CCCc1ccc(cc1)N(CCCl)CCCl
3088,Chlorobutine,OC(=O)CCCc1ccc(cc1)N(CCCl)CCCl
3088,Chloroambucil,OC(=O)CCCc1ccc(cc1)N(CCCl)CCCl
3088,Chloraminophen,OC(=O)CCCc1ccc(cc1)N(CCCl)CCCl
3088,Chloraminophene,OC(=O)CCCc1ccc(cc1)N(CCCl)CCCl
3088,4-[Bis(2-chloroethyl)amino]benzenebutanoic acid,-1
3088,4-[p-[Bis(2-chloroethyl)amino]phenyl]butyric acid,-1
3088,"Butyric acid, 4-(p-bis(2-chloroethyl)aminophenyl)-",-1
3088,4[p-Bis(.beta.-chloroethyl)aminophenyl]butyric acid,-1
3088,.gamma.-[p-Di(2-chloroethyl)aminophenyl]butyric acid,-1
3088,4-[p-Bis(.beta.-chloroethyl)aminophenyl]butyric acid,-1
3088,"Butyric acid, 4-(p-[bis(2-chloroethyl)amino]phenyl)-",-1
3088,"p-N,N-Di-(.beta.-chloroethyl)aminophenyl butyric acid",-1
3088,.gamma.-(p-bis(2-chloroethyl)aminophenyl)butyric acid,-1
3088,.gamma.-[p-bis(2-chloroethyl)aminophenyl]butyric acid,-1
3088,"N,N-Di-2-chloroethyl-.gamma.-p-aminophenylbutyric acid",-1
3088,WLN: QV3R DN2G2G,-1
3088,"Benzenebutanoic acid, 4-[bis(2-chloroethyl)amino]-",-1
3088,"Butyric acid, 4-[p-[bis(2-chloroethyl)amino]phenyl]-",-1
6396,Thiotepa,S=[P](N1CC1)(N2CC2)N3CC3
6396,Thioplex,S=[P](N1CC1)(N2CC2)N3CC3
6396,Triethylene thiophosphoramide,-1
6396,Thiophosphamide,S=[P](N1CC1)(N2CC2)N3CC3
6396,TSPA,S=[P](N1CC1)(N2CC2)N3CC3
6396,Triethylenethiophosphoramide,S=[P](N1CC1)(N2CC2)N3CC3
6396,Tris(ethylenimino)thiophosphate,S=[P](ON1CC1)(ON2CC2)ON3CC3
6396,Thiotriethylenephosphoramide,S=[P](N1CC1)(N2CC2)N3CC3
6396,Thio-tepa,S=[P](N1CC1)(N2CC2)N3CC3
6396,Triaziridinylphosphine sulfide,-1
6396,Triethylenethiophosphorotriamide,S=[P](N1CC1)(N2CC2)N3CC3
6396,Tri(ethyleneimino)thiophosphoramide,S=[P](N1CC1)(N2CC2)N3CC3
6396,Tris(1-aziridinyl)phosphine sulfide,-1
6396,"N,N',N''-Triethylenethiophosphamide",S=[P](N1CC1)(N2CC2)N3CC3
6396,"N,N',N''-Triethylenethiophosphoramide",S=[P](N1CC1)(N2CC2)N3CC3
6396,Phosphorothioic acid triethylenetriamide,-1
6396,"Thiophosphoramide, N,N',N'' -triethylene-",-1
6396,"1,1',1''-Phosphinothioylidynetrisaziridine",S=[P](N1CC1)(N2CC2)N3CC3
6396,"N,N',N''-Triethylenephosphorothioic triamide",-1
6396,"N,N',N''-Tri-1,2-ethanediylthiophosphoramide",S=[P](N1CC1)(N2CC2)N3CC3
6396,"Phosphorothioic triamide, N,N',N''-triethylene",-1
6396,"Thiophosphoramide, N,N',N''-tri-1,2-ethanediyl-",-1
6396,"N,N',N''-Tri-1,2-ethanediylphosphorothioic triamide",-1
6396,"Phosphorothioic triamide, N,N',N''-tri-1,2-ethanediyl-",-1
6396,TESPA,S=[P](N1CC1)(N2CC2)N3CC3
6396,Tespa,S=[P](N1CC1)(N2CC2)N3CC3
6396,STEPA,S=[P](N1CC1)(N2CC2)N3CC3
6396,Thio-Tep,S=[P](N1CC1)(N2CC2)N3CC3
6396,TIO TEF,-1
6396,Tio-tef,S=[P](N1CC1)(N2CC2)N3CC3
6396,SK 6882,-1
6396,Tifosyl,S=[P](N1CC1)(N2CC2)N3CC3
6396,Thiotef,S=[P](N1CC1)(N2CC2)N3CC3
6396,Tespamin,S=[P](N1CC1)(N2CC2)N3CC3
6396,Girostan,S=[P](N1CC1)(N2CC2)N3CC3
6396,Oncotepa,S=[P](N1CC1)(N2CC2)N3CC3
6396,Tiofozil,S=[P](N1CC1)(N2CC2)N3CC3
6396,Tiofosyl,S=[P](N1CC1)(N2CC2)N3CC3
6396,Tespamine,S=[P](N1CC1)(N2CC2)N3CC3
6396,Thiofozil,S=[P](N1CC1)(N2CC2)N3CC3
6396,CBC 806495,-1
6396,NCI-C01649,S=[P](N1CC1)(N2CC2)N3CC3
6396,Oncotiotepa,S=[P](N1CC1)(N2CC2)N3CC3
6396,Thio-tepa S,-1
6396,Tiofosfamid,S=[P](N1CC1)(N2CC2)N3CC3
6396,Oncothio-tepa,S=[P](N1CC1)(N2CC2)N3CC3
6396,WLN: T3NTJ APS&- AT3NTJ&- AT3NTJ,-1
6396,NSC 6396,-1
6396,Thio-Tepa,S=[P](N1CC1)(N2CC2)N3CC3
6396,"Aziridine, 1,1',1''-phosphinothioylidynetris-",-1
6396,"Phosphine sulfide, tris(1-aziridinyl)-",-1
8806,Melphalan,NC(Cc1ccc(cc1)N(CCCl)CCCl)C(O)=O
8806,Alkeran,-1
8806,Phenylalanine mustard hydrochloride,-1
8806,Melphalan hydrochloride,-1
8806,L-PAM,-1
8806,Alanine Nitrogen Mustard,-1
8806,L-Phenylalanine Mustard hydrochloride,-1
8806,L-Sarcolysine hydrochloride,-1
8806,"L-Alanine, 3-(p-[bis(2-chloroethyl)amino]phenyl)-, hydrochloride",-1
8806,CB 3025,-1
8806,SK 15673,-1
8806,Melfalan,-1
8806,MELPHALAN,NC(Cc1ccc(cc1)N(CCCl)CCCl)C(O)=O
8806,WLN: QVYZ1R DN2G2G &GH,-1
8806,"L-Phenylalanine, 4-[bis(2-chloroethyl)amino]-, monohydrochloride",-1
8806,"Alanine, 3-[p-[bis(2-chloroethyl)amino]phenyl]-, monohydrochloride, L-",-1
9706,Triethylenemelamine,C1CN1c2nc(nc(n2)N3CC3)N4CC4
9706,Tretamine,C1CN1c2nc(nc(n2)N3CC3)N4CC4
9706,TET,CC(=O)N[C@H]1[C@H](O[C@H](CO)[C@@H](O)[C@@H]1O[C@@](CF)(O[P](O)(O)=O)C(O)=O)O[P](O)(=O)O[P](O)(=O)OC[C@H]2O[C@H]([C@H](O)[C@@H]2O)N3C=CC(=O)NC3=O
9706,Triaziridinyl triazine,-1
9706,"Melamine, triethylene-",-1
9706,Triethanomelamine,C1CN1c2nc(nc(n2)N3CC3)N4CC4
9706,"2,4,6-Tris(1-aziridinyl)-s-triazine",C1CN1c2nc(nc(n2)N3CC3)N4CC4
9706,Tretamin,C1CN1c2nc(nc(n2)N3CC3)N4CC4
9706,Triamelin,C1CN1c2nc(nc(n2)N3CC3)N4CC4
9706,Tem-Simes,C1CN1c2nc(nc(n2)N3CC3)N4CC4
9706,Persistol,C1CN1c2nc(nc(n2)N3CC3)N4CC4
9706,Trisaziridinyltriazine,C1CN1c2nnnc(N3CC3)c2N4CC4
9706,Tris(ethyleneimino)triazine,C1CN1c2nc(nc(n2)N3CC3)N4CC4
9706,"2,4,6-Tri(ethylenimino-s-trazine",C1CN1c2nc(nc(n2)N3CC3)N4CC4
9706,"2,4,6-Tris(ethylenimino)-s-triazine",C1CN1c2nc(nc(n2)N3CC3)N4CC4
9706,"2,4,6-Tri(ethyleneimino)-s-triazine",C1CN1c2nc(nc(n2)N3CC3)N4CC4
9706,"2,4,6-Tris(ethyleneimino)-s-triazine",C1CN1c2nc(nc(n2)N3CC3)N4CC4
9706,"2,4,6-Tri(ethylenimino-1,3,5-triazine",C1CN1c2nc(nc(n2)N3CC3)N4CC4
9706,"2,4,6-Tri(ethyleneimino)-1,3,5-triazine",C1CN1c2nc(nc(n2)N3CC3)N4CC4
9706,"2,4,6-Tris(1-aziridinyl)-1,3,5-triazine",C1CN1c2nc(nc(n2)N3CC3)N4CC4
9706,"1,1',1''-s-Triazine-2,4,6-triyltrisaziridine",C1CN1c2nc(nc(n2)N3CC3)N4CC4
9706,"Aziridine, 1,1',1''-s-triazine-2,4,6-triyltris-",-1
9706,TAT,Nc1ncnc2n(cnc12)[C@@H]3O[C@H](CO[P](O)(=S)O[P](O)(=O)O[P](O)(O)=O)[C@@H](O)[C@H]3O
9706,TEM,C1CN1c2nc(nc(n2)N3CC3)N4CC4
9706,R-246,C1CN1c2nc(nc(n2)N3CC3)N4CC4
9706,R 246,-1
9706,M-9500,C1CN1c2nc(nc(n2)N3CC3)N4CC4
9706,M 9500,-1
9706,SK 1133,-1
9706,SK #1133,-1
9706,DRP 859025,-1
9706,"ENT 25,296",-1
9706,TEM (cytostatic),-1
9706,Persistol Ho 1/193,-1
9706,Persistol Hoe 1/193,-1
9706,NSC-9706,C1CN1c2nc(nc(n2)N3CC3)N4CC4
9706,WLN: T6N CN ENJ B- AT3NTJ& D- AT3NTJ& F- AT3NTJ,-1
9706,"1,3,5-Triazine, 2,4,6-tris(1-aziridinyl)-",-1
9706,"s-Triazine, 2,4,6-tris(1-aziridinyl)-",-1
13875,Altretamine,CN(C)c1nc(nc(n1)N(C)C)N(C)C
13875,Hexalen,c1ccc2ccccc2c1
13875,Hemel,CN(C)c1nc(nc(n1)N(C)C)N(C)C
13875,Hexamethylmelamine,CN(C)c1nc(nc(n1)N(C)C)N(C)C
13875,"2,4,6-Tris(dimethylamino)-s-triazine",CN(C)c1nc(nc(n1)N(C)C)N(C)C
13875,"s-Triazine, 2,4,6-tris(dimethylamino)-",-1
13875,"2,4,6-Tris(dimethylamino)-1,3,5-triazine",CN(C)c1nc(nc(n1)N(C)C)N(C)C
13875,Hexastat,CN(C)c1nc(nc(n1)N(C)C)N(C)C
13875,ENT 50852,-1
13875,NSC 13875,-1
13875,HXM,CN(C)c1nc(nc(n1)N(C)C)N(C)C
13875,HTM,CN(C)c1nc(nc(n1)N(C)C)N(C)C
13875,HMM,CN(C)c1nc(nc(n1)N(C)C)N(C)C
13875,NC 195,-1
13875,NCI-C50259,CN(C)c1nc(nc(n1)N(C)C)N(C)C
13875,HEXAMETHYLMELAMINE,CN(C)c1nc(nc(n1)N(C)C)N(C)C
13875,WLN: T6N CN ENJ BN1&1 DN1&1 FN1&1,-1
13875,"1,3,5-Triazine-2,4,6-triamine, N,N,N',N',N'',N''-hexamethyl-",-1
13875,"Melamine, hexamethyl-",-1
14229,Quinacrine hydrochloride,-1
14229,Mepacrine,CCN(CC)CCCC(C)Nc1c2ccc(Cl)cc2nc3ccc(OC)cc13
14229,Atabrine dihydrochloride,-1
14229,Acrichine,[H+].[Cl-].CCN(CC)CCCC(C)Nc1c2ccc(Cl)cc2nc3ccc(OC)cc13
14229,Quinacrine,-1
14229,Acriquine,[H+].[Cl-].CCN(CC)CCCC(C)Nc1c2ccc(Cl)cc2nc3ccc(OC)cc13
14229,Mepacrine HCl,-1
14229,Erion,[H+].[H+].[Cl-].[Cl-].CCN(CC)CCCC(C)Nc1c2ccc(Cl)cc2nc3ccc(OC)cc13
14229,SN 390,-1
14229,Mecryl,[H+].[H+].[Cl-].[Cl-].CCN(CC)CCCC(C)Nc1c2ccc(Cl)cc2nc3ccc(OC)cc13
14229,Atabrine,CCN(CC)CCCC(C)Nc1c2ccc(Cl)cc2nc3ccc(OC)cc13
14229,Palusan,[H+].[H+].[Cl-].[Cl-].CCN(CC)CCCC(C)Nc1c2ccc(Cl)cc2nc3ccc(OC)cc13
14229,Arichin,[H+].[Cl-].CCN(CC)CCCC(C)Nc1c2ccc(Cl)cc2nc3ccc(OC)cc13
14229,Metoquin,[H+].[H+].[Cl-].[Cl-].CCN(CC)CCCC(C)Nc1c2ccc(Cl)cc2nc3ccc(OC)cc13
14229,S.N. 390,-1
14229,Pentilen,[H+].[H+].[Cl-].[Cl-].CCN(CC)CCCC(C)Nc1c2ccc(Cl)cc2nc3ccc(OC)cc13
14229,Palacrin,[H+].[H+].[Cl-].[Cl-].CCN(CC)CCCC(C)Nc1c2ccc(Cl)cc2nc3ccc(OC)cc13
14229,866 R.P.,-1
14229,Atebrine,[H+].[H+].[Cl-].[Cl-].CCN(CC)CCCC(C)Nc1c2ccc(Cl)cc2nc3ccc(OC)cc13
14229,Italchin,[H+].[H+].[Cl-].[Cl-].CCN(CC)CCCC(C)Nc1c2ccc(Cl)cc2nc3ccc(OC)cc13
14229,Metochin,[H+].[H+].[Cl-].[Cl-].CCN(CC)CCCC(C)Nc1c2ccc(Cl)cc2nc3ccc(OC)cc13
14229,Metoquine,[H+].[H+].[Cl-].[Cl-].CCN(CC)CCCC(C)Nc1c2ccc(Cl)cc2nc3ccc(OC)cc13
14229,Crinodora,[H+].[H+].[Cl-].[Cl-].CCN(CC)CCCC(C)Nc1c2ccc(Cl)cc2nc3ccc(OC)cc13
14229,Chemiochin,[H+].[H+].[Cl-].[Cl-].CCN(CC)CCCC(C)Nc1c2ccc(Cl)cc2nc3ccc(OC)cc13
14229,Methoquine,[H+].[H+].[Cl-].[Cl-].CCN(CC)CCCC(C)Nc1c2ccc(Cl)cc2nc3ccc(OC)cc13
14229,Malaricida,[H+].[H+].[Cl-].[Cl-].CCN(CC)CCCC(C)Nc1c2ccc(Cl)cc2nc3ccc(OC)cc13
14229,Atebrin hydrochloride,-1
14229,Atabrine hydrochloride,-1
14229,Mepacrine hydrochloride,-1
14229,Chinacrin hydrochloride,-1
14229,Mepacrine dihydrochloride,-1
14229,Quinacrine dihydrochloride,-1
14229,Quinacrine dihydrochloride mustard,-1
14229,3-Chloro-7-methoxy-9-[1-methyl-4-(diethylamino)butylamino]acridine dihydrochloride,-1
14229,2-Methoxy-6-chloro-9-[[4-(diethylamino)-1-methylbutyl]amino]acridine dihydrochloride,-1
14229,6-Chloro-9-[[4-(diethylamino)-1-methylbutyl]amino]-2-methoxyacridine dihydrochloride,-1
14229,3-Chloro-9-[4'-(diethylamino)-1'-methylbutyl]amino]-7-methoxyacridine dihydrochloride,-1
14229,2-Chloro-5-[[.omega.-(diethylamino)-.alpha.-methylbutyl)amino]-7-methoxyacridine dihydrochloride,-1
14229,"Acridine, 6-chloro-9-[[4-(diethylamino)-1-methylbutyl]amino]-2-methoxy-, dihydrochloride, dihydrate",-1
14229,WLN: T C666 BNJ EG IMY1&3N2&2 LO1 &GH 2,-1
14229,"1,4-Pentanediamine, N4-(6-chloro-2-methoxy-9-acridinyl)-N1,N1-diethyl-, dihydrochloride",-1
14229,"Acridine, 6-chloro-9-[[4-(diethylamino)-1-methylbutyl]amino]-2-methoxy-, dihydrochloride",-1
14229,"Acridine, 6-chloro-9-[[4-(diethylamino)-1-methylbutyl]amino]-2-methoxy-, dihydrochloride",-1
18509,Aminolevulinic acid hydrochloride,-1
18509,Levulan,[H+].[Cl-].NCC(=O)CCC(O)=O
18509,Aminolevulinic acid,-1
18509,5-Aminolevulinate hydrochloride,-1
18509,.delta.-Aminolevulinic acid hydrochloride,-1
18509,"Pentanoic acid, 5-amino-4-oxo-, hydrochloride",-1
18509,"Levulinic acid, 5-amino-, hydrochloride",-1
19893,Fluorouracil,FC1=CNC(=O)NC1=O
19893,Efudex,FC1=CNC(=O)NC1=O
19893,5-FU,FC1=CNC(=O)NC1=O
19893,5-Fluorouracil,FC1=CNC(=O)NC1=O
19893,Adrucil,FC1=CNC(=O)NC1=O
19893,"5-Fluoro-2,4-pyrimidinedione",FC1=CNC(=O)NC1=O
19893,"5-Fluoropyrimidine-2,4-dione",FC1=CNC(=O)NC1=O
19893,"5-Fluoro-2,4(1H,3H)-pyrimidinedione",FC1=CNC(=O)NC1=O
19893,"Uracil, 5-fluoro-",-1
19893,Effluderm (free base),-1
19893,FU,FC1=CNC(=O)NC1=O
19893,Fluoroblastin,FC1=CNC(=O)NC1=O
19893,5-Ftouracyl,FC1=CNC(=O)NC1=O
19893,Fluoroplex,FC1=CNC(=O)NC1=O
19893,Timazin,FC1=CNC(=O)NC1=O
19893,Fluracil,FC1=CNC(=O)NC1=O
19893,Carzonal,FC1=CNC(=O)NC1=O
19893,Kecimeton,FC1=CNC(=O)NC1=O
19893,Ro 2-9757,-1
19893,FLUOROURACIL,FC1=CNC(=O)NC1=O
19893,Ulup,FC1=CNC(=O)NC1=O
19893,5-Fu,FC1=CNC(=O)NC1=O
19893,Fluri,FC1=CNC(=O)NC1=O
19893,Arumel,FC1=CNC(=O)NC1=O
19893,Fluril,FC1=CNC(=O)NC1=O
19893,Efudix,FC1=CNC(=O)NC1=O
19893,U-8953,FC1=CNC(=O)NC1=O
19893,NSC-19893,FC1=CNC(=O)NC1=O
19893,NSC 19893,-1
19893,WLN: T6MVMVJ EF,-1
19893,"2,4(1H,3H)-Pyrimidinedione, 5-fluoro-",-1
19893,"Uracil, 5-fluoro-",-1
19893,"Uracil, 5-fluoro-",-1
24559,Plicamycin,CO[C@@H]([C@@H]1Cc2cc3cc(O[C@H]4C[C@@H](O[C@H]5C[C@@H](O)[C@H](O)[C@@H](C)O5)[C@H](O)[C@@H](C)O4)c(C)c(O)c3c(O)c2C(=O)[C@H]1O[C@H]6C[C@@H](O[C@H]7C[C@@H](O[C@H]8C[C@](C)(O)[C@H](O)[C@@H](C)O8)[C@H](O)[C@@H](C)O7)[C@H](O)[C@@H](C)O6)C(=O)[C@@H](O)[C@@H](C)O
24559,Mithramycin,CO[C@@H]([C@@H]1Cc2cc3cc(O[C@H]4C[C@@H](O[C@H]5C[C@@H](O)[C@H](O)[C@@H](C)O5)[C@H](O)[C@@H](C)O4)c(C)c(O)c3c(O)c2C(=O)[C@H]1O[C@H]6C[C@@H](O[C@H]7C[C@@H](O[C@H]8C[C@](C)(O)[C@H](O)[C@@H](C)O8)[C@H](O)[C@@H](C)O7)[C@H](O)[C@@H](C)O6)C(=O)[C@@H](O)[C@@H](C)O
24559,Mithracin,CO[C@@H]([C@@H]1Cc2cc3cc(O[C@H]4C[C@@H](O[C@H]5C[C@@H](O)[C@H](O)[C@@H](C)O5)[C@H](O)[C@@H](C)O4)c(C)c(O)c3c(O)c2C(=O)[C@H]1O[C@H]6C[C@@H](O[C@H]7C[C@@H](O[C@H]8C[C@](C)(O)[C@H](O)[C@@H](C)O8)[C@H](O)[C@@H](C)O7)[C@H](O)[C@@H](C)O6)C(=O)[C@@H](O)[C@@H](C)O
24559,Aurelic acid,-1
24559,Mithramycin A,-1
24559,Aureolic acid,-1
24559,Antibiotic LA 7017,-1
24559,"1(2H)-Anthracenone, 6-[[2,6-dideoxy-3-O-(2,6-dideoxy-.beta.-D-arabino-hexo pyranosyl)-.beta.-D-arabino-hexopyranosyl]oxy]-2-[(O-2,6- dideoxy-3-C-methyl-.beta.-D-ribo-hexopyranosyl-(1.fwdarw.4) -O-2,6-dideoxy-.alpha.-D-lyxo-hexopyranosyl-(1.fwdarw.3) -2,6-dideoxy-.beta.-D-arabino-hexopyranosyl)oxy]-3-(3,4- dihydroxy-1-methoxy-2-oxopentyl)-3,4-dihydro-8,9-dihydroxy- 7-methyl-, [2S-[2.alpha.,3.beta.(1R*,3R*,4S*)]]-",-1
24559,PA-144,COC(C1Cc2cc3cc(OC4CC(OC5CC(O)C(O)C(C)O5)C(O)C(C)O4)c(C)c(O)c3c(O)c2C(=O)C1OC6CC(OC7CC(OC8CC(C)(O)C(O)C(C)O8)C(O)C(C)O7)C(O)C(C)O6)C(=O)C(O)C(C)O
24559,A-2371,COC(C1Cc2cc3cc(OC4CC(OC5CC(O)C(O)C(C)O5)C(O)C(C)O4)c(C)c(O)c3c(O)c2C(=O)C1OC6CC(OC7CC(OC8CC(C)(O)C(O)C(C)O8)C(O)C(C)O7)C(O)C(C)O6)C(=O)C(O)C(C)O
24559,Mitramycin,COC(C1Cc2cc3cc(OC4CC(OC5CC(O)C(O)C(C)O5)C(O)C(C)O4)c(C)c(O)c3c(O)c2C(=O)C1OC6CC(OC7CC(OC8CC(C)(O)C(O)C(C)O8)C(O)C(C)O7)C(O)C(C)O6)C(=O)C(O)C(C)O
24559,MITHRAMYCIN,CO[C@@H]([C@@H]1Cc2cc3cc(O[C@H]4C[C@@H](O[C@H]5C[C@@H](O)[C@H](O)[C@@H](C)O5)[C@H](O)[C@@H](C)O4)c(C)c(O)c3c(O)c2C(=O)[C@H]1O[C@H]6C[C@@H](O[C@H]7C[C@@H](O[C@H]8C[C@](C)(O)[C@H](O)[C@@H](C)O8)[C@H](O)[C@@H](C)O7)[C@H](O)[C@@H](C)O6)C(=O)[C@@H](O)[C@@H](C)O
24559,Mithramycin,CO[C@@H]([C@@H]1Cc2cc3cc(O[C@H]4C[C@@H](O[C@H]5C[C@@H](O)[C@H](O)[C@@H](C)O5)[C@H](O)[C@@H](C)O4)c(C)c(O)c3c(O)c2C(=O)[C@H]1O[C@H]6C[C@@H](O[C@H]7C[C@@H](O[C@H]8C[C@](C)(O)[C@H](O)[C@@H](C)O8)[C@H](O)[C@@H](C)O7)[C@H](O)[C@@H](C)O6)C(=O)[C@@H](O)[C@@H](C)O
24559,Mithramycin,CO[C@@H]([C@@H]1Cc2cc3cc(O[C@H]4C[C@@H](O[C@H]5C[C@@H](O)[C@H](O)[C@@H](C)O5)[C@H](O)[C@@H](C)O4)c(C)c(O)c3c(O)c2C(=O)[C@H]1O[C@H]6C[C@@H](O[C@H]7C[C@@H](O[C@H]8C[C@](C)(O)[C@H](O)[C@@H](C)O8)[C@H](O)[C@@H](C)O7)[C@H](O)[C@@H](C)O6)C(=O)[C@@H](O)[C@@H](C)O
25154,Pipobroman,BrCCC(=O)N1CCN(CC1)C(=O)CCBr
25154,Amedel,BrCCC(=O)N1CCN(CC1)C(=O)CCBr
25154,Vercyte,BrCCC(=O)N1CCN(CC1)C(=O)CCBr
25154,"1,4-Bis(3-bromopropionyl)piperazine",BrCCC(=O)N1CCN(CC1)C(=O)CCBr
25154,"N,N'-Bis(3-bromopropionyl)piperazine",BrCCC(=O)N1CCN(CC1)C(=O)CCBr
25154,A 1803,-1
25154,A-8103,BrCCC(=O)N1CCN(CC1)C(=O)CCBr
25154,NSC-25154,BrCCC(=O)N1CCN(CC1)C(=O)CCBr
25154,WLN: T6N DNTJ AV2E DV2E,-1
25154,"Piperazine, 1,4-bis(3-bromo-1-oxopropyl)-",-1
25154,"Piperazine, 1,4-bis(3-bromopropionyl)-",-1
26271,Cyclophosphamide,ClCCN(CCCl)[P]1(=O)NCCCO1
26271,Cytoxan,O.ClCCN(CCCl)[P]1(=O)NCCCO1
26271,Neosar,O.ClCCN(CCCl)[P]1(=O)NCCCO1
26271,Bis(2-chloroethyl)phosphoramide cyclic propanolamide ester,-1
26271,Mitoxan,ClCCN(CCCl)[P]1(=O)NCCCO1
26271,Enduxan,ClCCN(CCCl)[P]1(=O)NCCCO1
26271,Endoxan,ClCCN(CCCl)[P]1(=O)NCCCO1
26271,Genoxal,ClCCN(CCCl)[P]1(=O)NCCCO1
26271,Procytox,ClCCN(CCCl)[P]1(=O)NCCCO1
26271,(-)-Cyclophosphamide,ClCCN(CCCl)[P]1(=O)NCCCO1
26271,Endoxanal,ClCCN(CCCl)[P]1(=O)NCCCO1
26271,Cyclostin,ClCCN(CCCl)[P]1(=O)NCCCO1
26271,Cytophosphan,ClCCN(CCCl)[P]1(=O)NCCCO1
26271,Endoxan-Asta,ClCCN(CCCl)[P]1(=O)NCCCO1
26271,Cyclophosphan,ClCCN(CCCl)[P]1(=O)NCCCO1
26271,Cyclophosphane,ClCCN(CCCl)[P]1(=O)NCCCO1
26271,Cyclophosphamid,ClCCN(CCCl)[P]1(=O)NCCCO1
26271,Cyclophosphamidum,ClCCN(CCCl)[P]1(=O)NCCCO1
26271,"2-[Bis(2-chloroethyl)amino]-2H-1,3,2-oxazaphosphorine 2-oxide",-1
26271,"2-(Bis(2-chloroethyl)amino)-2H-1,3,2-oxazaphosphorine 2-oxide",-1
26271,"N,N-Di(2-chloroethyl)-N,O-propylene-phosphoric acid ester diamide",-1
26271,"N,N-Bis(2-chloroethyl)-N',O-propylenephosphoric acid ester diamide",-1
26271,"N,N-Bis(2-chloroethyl)tetrahydro-2H-1,3,2-oxazaphosphorin-2-amine-2-oxide",ClCCN(CCCl)[P]1(=O)NCCCO1
26271,"2H-1,3,2-Oxazaphosphorine, 2-[bis(2-chloroethyl)amino]tetrahydro-, 2-oxide",-1
26271,"N,N-Bis(.beta.-chloroethyl)-N',O-trimethylenephosphoric acid ester diamide",-1
26271,Asta B 518,-1
26271,"N,N-Bis(.beta.-chloroethyl)-N',O-propylenephosphoric acid ester amide monohydrate",-1
26271,NCI-C04900,ClCCN(CCCl)[P]1(=O)NCCCO1
26271,"Phosphorodiamidic acid, N,N-bis(2-chloroethyl)-N'-(3-hydroxypropyl)-, intramol. ester",-1
26271,"[Bis(chloro-2-ethyl)amino]-2-tetrahydro-3,4,5,6-oxazaphosphorine-1,3,2-oxide-2 hydrate",-1
26271,"(Bis(chloro-2-ethyl)amino)-2-tetrahydro-3,4,5,6-oxazaphosphorine-1,3,2-oxide-2 hydrate",-1
26271,"2H-1,3,2-Oxazaphosphorine, 2-[bis(2-chloroethyl)amino]tetrahydro-, 2-oxide, monohydrate",-1
26271,CP,CP
26271,CY,[CH2][Y]
26271,CPA,NC1=NC(=O)N(C=C1)[C@H]2C[C@H](O[P](O)(=O)OC[C@H]3O[C@H](C[C@@H]3O)n4cnc5c(N)ncnc45)[C@@H](CO)O2
26271,CTX,[Na+].CO\N=C(C(=O)N[C@H]1[C@H]2SCC(=C(N2C1=O)C([O-])=O)COC(C)=O)\c3csc(N)n3
26271,ASTA,ClCCN(CCCl)[P]1(=O)NCCCO1
26271,B 518,-1
26271,Clafen,ClCCN(CCCl)[P]1(=O)NCCCO1
26271,CB-4564,ClCCN(CCCl)[P]1(=O)NCCCO1
26271,CB 4564,-1
26271,SK 20501,-1
26271,Endoxana,ClCCN(CCCl)[P]1(=O)NCCCO1
26271,Sendoxan,ClCCN(CCCl)[P]1(=O)NCCCO1
26271,Senduxan,ClCCN(CCCl)[P]1(=O)NCCCO1
26271,Endoxane,ClCCN(CCCl)[P]1(=O)NCCCO1
26271,Hexadrin,ClC1=C(Cl)C2(Cl)C3C4CC(C5OC45)C3C1(Cl)C2(Cl)Cl
26271,Semdoxan,ClCCN(CCCl)[P]1(=O)NCCCO1
26271,Claphene,ClCCN(CCCl)[P]1(=O)NCCCO1
26271,Endoxan R,-1
26271,NSC 26271,-1
26271,WLN: T6MPOTJ BO BN2G2G,-1
26271,"2H-1,3,2-Oxazaphosphorin-2-amine, N,N-bis(2-chloroethyl)tetrahydro-, 2-oxide",-1
26271,"2H-1,3,2-Oxazaphosphorine, 2-[bis(2-chloroethyl)amino]tetrahydro-, 2-oxide",-1
26271,Zyklophosphamid,ClCCN(CCCl)[P]1(=O)NCCCO1
26271,"N,N-Bis-(.beta.-chloraethyl)-N',O-propylen-phosphorsaeure-ester-diamid",ClCCN(CCCl)[P]1(=O)NCCCO1
26980,Mitomycin,CO[C@@]12[C@H](COC(N)=O)C3=C(N1C[C@@H]4N[C@H]24)C(=O)C(=C(N)C3=O)C
26980,Mitomycin C,-1
26980,Mutamycin,CO[C@@]12[C@H](COC(N)=O)C3=C(N1C[C@@H]4N[C@H]24)C(=O)C(=C(N)C3=O)C
26980,7-Amino-9.alpha.-methoxymitosane,CO[C@]12[C@@H](COC(N)=O)C3=C(N1C[C@H]4N[C@@H]24)C(=O)C(=C(N)C3=O)C
26980,Ametycine,CO[C@@]12[C@H](COC(N)=O)C3=C(N1C[C@@H]4N[C@H]24)C(=O)C(=C(N)C3=O)C
26980,Mitomycinum,CO[C@]12[C@@H](COC(N)=O)C3=C(N1C[C@H]4N[C@@H]24)C(=O)C(=C(N)C3=O)C
26980,MMC,C[Hg]
26980,Mit-C,CO[C@]12[C@@H](COC(N)=O)C3=C(N1C[C@H]4N[C@@H]24)C(=O)C(=C(N)C3=O)C
26980,Mito-C,CO[C@]12[C@@H](COC(N)=O)C3=C(N1C[C@H]4N[C@@H]24)C(=O)C(=C(N)C3=O)C
26980,Ametycin,CO[C@@]12[C@H](COC(N)=O)C3=C(N1C[C@@H]4N[C@H]24)C(=O)C(=C(N)C3=O)C
26980,Mitocin-C,CO[C@@]12[C@H](COC(N)=O)C3=C(N1C[C@@H]4N[C@H]24)C(=O)C(=C(N)C3=O)C
26980,Mytomycin,CO[C@]12[C@@H](COC(N)=O)C3=C(N1C[C@H]4N[C@@H]24)C(=O)C(=C(N)C3=O)C
26980,NCI-C04706,CO[C@]12[C@@H](COC(N)=O)C3=C(N1C[C@H]4N[C@@H]24)C(=O)C(=C(N)C3=O)C
26980,MITOMYCIN,CO[C@@]12[C@H](COC(N)=O)C3=C(N1C[C@@H]4N[C@H]24)C(=O)C(=C(N)C3=O)C
26980,WLN: T D3 B556 BN EM JV MVTTT&J GO1 H1OVZ KZ L1,-1
26980,"Azirino[2',3':3,4]pyrrolo[1,2-a]indole-4,7-dione, 6-amino-8-[[(aminocarbonyl)oxy]methyl]-1,1a,2,8,8a,8b- hexahydro-8a-methoxy-5-methyl-, [1aR-(1a.alpha.,8.beta.,8a.alpha.,8b.alpha.)]-",-1
26980,"Azirino[2',3':3,4]pyrrolo[1,2-a]indole-4,7-dione, 6-amino-1,1a,2,8,8a,8b-hexahydro-8-(hydroxymethyl)-8a- methoxy-5-methyl-, carbamate (ester)",-1
26980,"Azirino[2',3':3,4]pyrrolo[1,2-a]indole-4,7-dione, 6-amino-1,1a,2,8,8a,8b-hexahydro-8-(hydroxymethyl)-8a- methoxy-5-methyl-, carbamate (ester)",-1
27640,Floxuridine,OC[C@H]1O[C@H](C[C@@H]1O)N2C=C(F)C(=O)NC2=O
27640,FUDR,OCC1OC(CC1O)N2C=C(F)C(=O)NC2=O
27640,5-FUDR,OCC1OC(CC1O)N2C=C(F)C(=O)NC2=O
27640,FdUrd,OCC1OC(CC1O)N2C=C(F)C(=O)NC2=O
27640,5-Fluorodeoxyuridine,OC[C@H]1O[C@H](C[C@@H]1O)N2C=C(F)C(=O)NC2=O
27640,5-Fluoro-2'-deoxyuridine,OC[C@H]1O[C@H](C[C@@H]1O)N2C=C(F)C(=O)NC2=O
27640,Fluorodeoxyuridine,OC[C@H]1O[C@](F)(C[C@@H]1O)N2C=CC(=O)NC2=O
27640,Deoxyfluorouridine,OC[C@H]1O[C@](F)(C[C@@H]1O)N2C=CC(=O)NC2=O
27640,2'-Deoxy-5-fluorouridine,OC[C@H]1O[C@H](C[C@@H]1O)N2C=C(F)C(=O)NC2=O
27640,Fluoruridine deoxyribose,-1
27640,5-Fluorouracil deoxyriboside,-1
27640,"Uridine, 2'-deoxy-5'-fluoro-",-1
27640,5-Fluorouracil 2'-deoxyriboside,-1
27640,1.beta.-D-2'-Deoxyribofuranosyl-5-flurouracil,OCC1OC(CC1O)N2C=C(F)C(=O)NC2=O
27640,Floxuridin,OCC1OC(CC1O)N2C=C(F)C(=O)NC2=O
27640,Ro 5-0360,-1
27640,FDUR,OCC1OC(CC1O)N2C=C(F)C(=O)NC2=O
27640,NSC-27640,OCC1OC(CC1O)N2C=C(F)C(=O)NC2=O
27640,NSC 27640,-1
27640,WLN: T6NVMVJ EF A- ET5OTJ B1Q CQ,-1
27640,"Uridine, 2'-deoxy-5-fluoro-",-1
27640,"Uridine, 2'-deoxy-5-fluoro-",-1
32065,Hydroxyurea,NC(=O)NO
32065,Hydroxycarbamide,NC(=O)NO
32065,Hydrea,NC(=O)NO
32065,"Hydroxylamine, N-carbamoyl-",-1
32065,"Hydroxylamine, N-(aminocarbonyl)-",-1
32065,N-Carbamoylhydroxylamine,NC(=O)NO
32065,N-Hydroxyurea,NC(=O)NO
32065,Hydroxyurea(d4),NC(=O)NO
32065,Carbamoyl oxime,-1
32065,Hydroxyurea (D4),-1
32065,Hydroxycarbamine,NC(=O)NO
32065,Carbamyl hydroxamate,-1
32065,Carbamohydroximic acid,-1
32065,Carbamohydroxamic acid,-1
32065,Carbamohydroxyamic acid,-1
32065,Onco-carbide,NC(=O)NO
32065,Biosupressin,NC(=O)NO
32065,HU,NC(=O)NO
32065,Hydura,NC(=O)NO
32065,Hidrix,NC(=O)NO
32065,Litalir,NC(=O)NO
32065,SQ 1089,-1
32065,Litaler,NC(=O)NO
32065,Hydreia,NC(=O)NO
32065,Oxyurea,NC(=O)NO
32065,Hydurea,NC(=O)NO
32065,SK 22591,-1
32065,NCI-C04831,NC(=O)NO
32065,NSC 32065,-1
32065,HYDROXYUREA,NC(=O)NO
32065,Hydroxyurea,NC(=O)NO
32065,Hydroxylurea,NC(=O)NO
32065,WLN: ZVMQ,-1
32065,"Urea, hydroxy-",-1
32065,"Urea, hydroxy-",-1
34462,Uracil mustard,-1
34462,Uramustine,ClCCN(CCCl)C1=CNC(=O)NC1=O
34462,Uracil nitrogen mustard,-1
34462,Aminouracil mustard,-1
34462,5-[Di(2-chloroethyl)amino]uracil,ClCCN(CCCl)C1=CNC(=O)NC1=O
34462,Nordopan,ClCCN(CCCl)C1=CNC(=O)NC1=O
34462,5-[Bis(2-chloroethyl)amino]uracil,ClCCN(CCCl)C1=CNC(=O)NC1=O
34462,Uramustin,ClCCN(CCCl)C1=CNC(=O)NC1=O
34462,5-[Di(.beta.-chloroethyl)amino]uracil,ClCCN(CCCl)C1=CNC(=O)NC1=O
34462,"2,6-Dihydroxy-5-bis[2-chloroethyl]aminopyrimidine",Oc1ncc(N(CCCl)CCCl)c(O)n1
34462,"5-[Bis(2-chlorethyl)amino]-2,4(1H,3H)pyrimidinedione",ClCCN(CCCl)C1=CNC(=O)NC1=O
34462,U 8344,-1
34462,U-8344,ClCCN(CCCl)C1=CNC(=O)NC1=O
34462,CB-4835,ClCCN(CCCl)C1=CNC(=O)NC1=O
34462,SK-19849,ClCCN(CCCl)C1=CNC(=O)NC1=O
34462,ENT 50439,-1
34462,Uracillost,ClCCN(CCCl)C1=CNC(=O)NC1=O
34462,Uracilmostaza,ClCCN(CCCl)C1=CNC(=O)NC1=O
34462,Demethyldopan,ClCCN(CCCl)C1=CNC(=O)NC1=O
34462,Desmethyldopan,ClCCN(CCCl)C1=CNC(=O)NC1=O
34462,Chlorethaminacil,ClCCN(CCCl)C1=CNC(=O)NC1=O
34462,NSC-34462,ClCCN(CCCl)C1=CNC(=O)NC1=O
34462,NCI-C04820,ClCCN(CCCl)C1=CNC(=O)NC1=O
34462,URACIL NITROGEN MUSTARD,-1
34462,WLN: T6MVMVJ EN2G2G,-1
34462,"2,4(1H,3H)-Pyrimidinedione, 5-[bis(2-chloroethyl)amino]-",-1
34462,"Uracil, 5-[bis(2-chloroethyl)amino]-",-1
38721,Mitotane,ClC(Cl)C(c1ccc(Cl)cc1)c2ccccc2Cl
38721,Lysodren,ClC(Cl)C(c1ccc(Cl)cc1)c2ccccc2Cl
38721,"o,p'-DDD",ClC(Cl)C(c1ccc(Cl)cc1)c2ccccc2Cl
38721,"2,4'-Dichlorodiphenyldichloroethane",ClC(Cl)C(c1ccc(Cl)cc1)c2ccccc2Cl
38721,"o,p'-Dichlorodiphenyldichloroethane",ClC(Cl)C(c1ccc(Cl)cc1)c2ccccc2Cl
38721,Chloditan,ClC(Cl)C(c1ccc(Cl)cc1)c2ccccc2Cl
38721,Mitotan,ClC(Cl)C(c1ccc(Cl)cc1)c2ccccc2Cl
38721,"o,p'-TDE",ClC(Cl)C(c1ccc(Cl)cc1)c2ccccc2Cl
38721,"2,4'-DDD",ClC(Cl)C(c1ccc(Cl)cc1)c2ccccc2Cl
38721,"(o,p)-DDD",ClC(Cl)C(c1ccc(Cl)cc1)c2ccccc2Cl
38721,"1,1-Dichloro-2,2-bis(2,4'-dichlorophenyl)ethane",ClC(Cl)C(c1ccc(Cl)cc1Cl)c2ccc(Cl)cc2Cl
38721,"2-(o-Chlorophenyl)-2-(p-chlorophenyl)-1,1-dichloroethane",ClC(Cl)C(c1ccc(Cl)cc1)c2ccccc2Cl
38721,"1,1-Dichloro-2-(o-chlorophenyl)-2-(p-chlorophenyl)ethane",ClC(Cl)C(c1ccc(Cl)cc1)c2ccccc2Cl
38721,"2,2-Bis(2-chlorophenyl-4-chlorophenyl)-1,1-dichloroethane",ClC(Cl)C(c1ccc(Cl)cc1c2ccccc2Cl)c3ccc(Cl)cc3c4ccccc4Cl
38721,"Ethane, 2-(o-chlorophenyl)-2-(p-chlorophenyl)-1,1-dichloro-",-1
38721,CB 313,-1
38721,Chlodithan,ClC(Cl)C(c1ccc(Cl)cc1)c2ccccc2Cl
38721,Khlodithan,ClC(Cl)C(c1ccc(Cl)cc1)c2ccccc2Cl
38721,Chlodithane,ClC(Cl)C(c1ccc(Cl)cc1)c2ccccc2Cl
38721,NSC-38721,ClC(Cl)C(c1ccc(Cl)cc1)c2ccccc2Cl
38721,NCI-C04933,ClC(Cl)C(c1ccc(Cl)cc1)c2ccccc2Cl
38721,WLN: GYGYR BG&R DG,-1
38721,"Benzene, 1-chloro-2-[2,2-dichloro-1-(4-chlorophenyl)ethyl]-",-1
38721,"Ethane, 1,1-dichloro-2-(o-chlorophenyl)-2-(p-chlorophenyl)-",-1
45388,Dacarbazine,CN(C)N\N=C/1N=CN=C1C(N)=O
45388,DTIC-Dome,CN(C)N\N=C\1N=CN=C1C(N)=O
45388,DTIC,CN(C)N\N=C\1N=CN=C1C(N)=O
45388,Imidazole carboxamide,-1
45388,4-(Dimethyltriazeno)imidazole-5-carboxamide,CN(C)N=Nc1nc[nH]c1C(N)=O
45388,Di-me-triazenoimidazolecarboxamide,CN(C)N\N=C\1N=CN=C1C(N)=O
45388,Dimethyltriazenoimidazolecarboxamide,CN(C)N=Nc1c[nH]c(n1)C(N)=O
45388,(Dimethyltriazeno)imidazolecarboxamide,CN(C)N=Nc1c[nH]c(n1)C(N)=O
45388,5-(Dimethyltriazeno)imidazole-4-carboxamide,CN(C)N=Nc1[nH]cnc1C(N)=O
45388,5-(Dimethyltriazeno)imidazole-4-carboximide,CN(C)N\N=C\1N=CN=C1C(N)=O
45388,"5-(3,3-Dimethyltriazeno)imidazole-4-carboxamide",CN(C)N=Nc1[nH]cnc1C(N)=O
45388,"5-(3,3-Dimethyl-1-triazeno)imidazole-4-carboxamide",CN(C)N=Nc1[nH]cnc1C(N)=O
45388,"4-(3,3-Dimethyl-1-triazeno)imidazole-5-carboxamide",CN(C)N=Nc1nc[nH]c1C(N)=O
45388,"Carboxamide, 5-(3,3-dimethyl-1-triazeno)imidazole-4-",-1
45388,"4(5)-(3,3-Dimethyl-1-triazeno)imidazole-5(4)-carboxamide",CN(C)N\N=C\1N=CN=C1C(N)=O
45388,"4-(5)-(3,3-Dimethyl-1-triazeno)imidazole-5(4)-carboxamide",CN(C)N\N=C\1N=CN=C1C(N)=O
45388,"4-(or 5)-(3,3-Dimethyl-1-triazeno)imidazole-5(or 4)-carboxamide",-1
45388,"Imidazole-4(or 5)-carboxamide, 5(or 4)-(3,3-dimethyl-1-triazeno)-",-1
45388,DIC,CC(C)N=C=NC(C)C
45388,ICDT,CN(C)N\N=C\1N=CN=C1C(N)=O
45388,DTIE,CN(C)N\N=C\1N=CN=C1C(N)=O
45388,ICDMT,CN(C)N\N=C\1N=CN=C1C(N)=O
45388,Deticene,CN(C)N\N=C\1N=CN=C1C(N)=O
45388,DACARBAZINE,CN(C)N\N=C/1N=CN=C1C(N)=O
45388,NSC 45388,-1
45388,NCI-C04717,CN(C)N\N=C\1N=CN=C1C(N)=O
45388,WLN: T5M CNJ DVZ ENUNN1&1,-1
45388,"1H-Imidazole-4-carboxamide, 5-(3,3-dimethyl-1-triazenyl)-",-1
45388,"Imidazole-4-carboxamide, 5-(3,3-dimethyl-1-triazeno)-",-1
45923,Methoxsalen,COc1c2occc2cc3C=CC(=O)Oc13
45923,8-MOP,COc1c2occc2cc3C=CC(=O)Oc13
45923,Methoxa-Dome,COc1c2occc2cc3C=CC(=O)Oc13
45923,8-Methoxypsoralen,COc1c2occc2cc3C=CC(=O)Oc13
45923,Oxsoralen,COc1c2occc2cc3C=CC(=O)Oc13
45923,"8-Methoxy-2',3',6,7-furocoumarin",COc1c2occc2cc3C=CC(=O)Oc13
45923,8-Methoxypsoralene,COc1c2occc2cc3C=CC(=O)Oc13
45923,Puvalen,COc1c2occc2cc3C=CC(=O)Oc13
45923,Ammodin,COc1c2occc2cc3C=CC(=O)Oc13
45923,Oxoralen,COc1c2occc2cc3C=CC(=O)Oc13
45923,Ammoidin,COc1c2occc2cc3C=CC(=O)Oc13
45923,Meloxine,COc1c2occc2cc3C=CC(=O)Oc13
45923,Meladoxen,COc1c2occc2cc3C=CC(=O)Oc13
45923,Meladinine,COc1c2occc2cc3C=CC(=O)Oc13
45923,Methoxalen,COc1c2occc2cc3C=CC(=O)Oc13
45923,Xanthotoxin,COc1c2occc2cc3C=CC(=O)Oc13
45923,Oxypsoralen,COc1c2occc2cc3C=CC(=O)Oc13
45923,Xanthotoxine,COc1c2occc2cc3C=CC(=O)Oc13
45923,"8-Methoxy-4',5',6,7-furocoumarin",COc1c2occc2cc3C=CC(=O)Oc13
45923,New-Meladinin,COc1c2occc2cc3C=CC(=O)Oc13
45923,8-Methoxy(furano-3'.2':6.7-coumarin),COc1c2occc2cc3C=CC(=O)Oc13
45923,8-Methoxy-[furano-3'.2':6.7-coumarin],COc1c2occc2cc3C=CC(=O)Oc13
45923,"5-Benzofuranacrylic acid, 6-hydroxy-7-methoxy-, .delta.-lactone",-1
45923,8-MP,COc1c2occc2cc3C=CC(=O)Oc13
45923,NCI-C55903,COc1c2occc2cc3C=CC(=O)Oc13
45923,WLN: T C566 DO LVOJ BO1,-1
45923,XANTHOTOXIN,COc1c2occc2cc3C=CC(=O)Oc13
45923,"7H-Furo[3,2-g][1]benzopyran-7-one, 9-methoxy-",-1
45923,"7H-Furo[3,2-g][1]benzopyran-7-one, 9-methoxy-",-1
45923,Meladinin,COc1c2occc2cc3C=CC(=O)Oc13
49842,Vinblastine sulfate,-1
49842,Vinblastine Sulfate Hydrate,-1
49842,Vinblastine,CC[C@]1(O)C[C@H]2CN(CCc3c([nH]c4ccccc34)[C@@](C2)(C(=O)OC)c5cc6c(cc5OC)N(C)[C@H]7[C@](O)([C@H](OC(C)=O)[C@]8(CC)C=CCN9CC[C@]67[C@H]89)C(=O)OC)C1
49842,Velban,CC[C@]1(O)C[C@H]2CN(CCc3c([nH]c4ccccc34)[C@@](C2)(C(=O)OC)c5cc6c(cc5OC)N(C)[C@H]7[C@](O)([C@H](OC(C)=O)[C@]8(CC)C=CCN9CC[C@]67[C@H]89)C(=O)OC)C1.O[S](O)(=O)=O
49842,Vincaleukoblastine sulfate (1:1) (salt),-1
49842,"Belvan, VLB",-1
49842,VLB monosulfate,-1
49842,Exal,CC[C@]1(O)C[C@H]2CN(CCc3c([nH]c4ccccc34)[C@@](C2)(C(=O)OC)c5cc6c(cc5OC)N(C)[C@H]7[C@](O)([C@H](OC(C)=O)[C@]8(CC)C=CCN9CC[C@]67[C@H]89)C(=O)OC)C1.O[S](O)(=O)=O
49842,Velbe,CC[C@]1(O)C[C@H]2CN(CCc3c([nH]c4ccccc34)[C@@](C2)(C(=O)OC)c5cc6c(cc5OC)N(C)[C@H]7[C@](O)([C@H](OC(C)=O)[C@]8(CC)C=CCN9CC[C@]67[C@H]89)C(=O)OC)C1.O[S](O)(=O)=O
49842,Vincaleucoblastine sulfate,-1
49842,Vincaleukoblastine sulfate,-1
49842,"Vinblastine, sulfate, hydrate",-1
49842,"Vincaleukoblastine, sulfate, hydrate",-1
49842,"Vincaleukoblastine, sulfate, monohydrate",-1
49842,29060-LE,CC[C@]1(O)C[C@H]2CN(CCc3c([nH]c4ccccc34)[C@@](C2)(C(=O)OC)c5cc6c(cc5OC)N(C)[C@H]7[C@](O)([C@H](OC(C)=O)[C@]8(CC)C=CCN9CC[C@]67[C@H]89)C(=O)OC)C1.O[S](O)(=O)=O
49842,29060 LE,-1
49842,VINCALEUKOBLASTINE,CC[C@]1(O)C[C@H]2CN(CCc3c([nH]c4ccccc34)[C@@](C2)(C(=O)OC)c5cc6c(cc5OC)N(C)[C@H]7[C@](O)([C@H](OC(C)=O)[C@]8(CC)C=CCN9CC[C@]67[C@H]89)C(=O)OC)C1.O[S](O)(=O)=O
49842,VINBLASTINE SULFATE,-1
49842,VINBLASTINE SULFATE,-1
49842,WLN: T C6 B5665/BS 2AB S BX IN QN NU & & TTTJ FO1 I1 KVO1 KQ LOV1 M2 E-CT F6D596A EN ON & & TTJ CVO1 Q,-1
49842,WLN: T C6 B5665/BS 2AB S BX IN QN NU & & TTTJ FO1 I1 KVO1 KQ LOV1 M2 E-CT F6 D596A EN ON & & TTJ CVO1 Q,-1
49842,NSC 49842,-1
49842,"Vincaleukoblastine, sulfate (1:1) (salt)",-1
49842,"Vincaleukoblastine, sulfate (1:1) (salt)",-1
63878,Cytarabine hydrochloride,-1
63878,Cytosar-U,NC1=NC(=O)N(C=C1)[C@@H]2O[C@H](CO)[C@@H](O)[C@@H]2O
63878,Cytosine arabinoside hydrochloride,-1
63878,Ara-C,NC1=NC(=O)N(C=C1)C2OC(CO)C(O)C2O
63878,1.beta.-D-Arabinofuranosylcytosine hydrochloride,-1
63878,Arabinosyl cytosine hydrochloride,-1
63878,Cytosar hydrochloride,-1
63878,Aracytin hydrochloride,-1
63878,Arabinosylcytosine hydrochloride,-1
63878,Aracytidine hydrochloride,-1
63878,Ara-cytidine hydrochloride,-1
63878,Spongocytidine-hydrochloride,[H+].[Cl-].NC1=NC(=O)N(C=C1)C2OC(CO)C(O)C2O
63878,Arabitin hydrochloride,-1
63878,Arabinofuranosylcytosine hydrochloride,-1
63878,Arabinosylcytosin,NC1=NC(=O)N(C=C1)C2OC[C@@H](O)[C@@H](O)[C@@H]2O
63878,1.beta.-D-Arabinofuranosylcytosine monohydrochloride,-1
63878,"Cytosine, 1-.beta.-D-arabino-furanosyl-, hydrochloride",-1
63878,"Cytosine, 1.beta.-D-arabinofuranosyl-, monohydrochloride",-1
63878,"Cytosine, 1-.beta.-D-arabinofuranosyl-, monhydrochloride",-1
63878,"2(1H)-Pyrimidinone, 4-amino-1.beta.-D-arabinofuranosyl-, monohydrochloride",-1
63878,"2(1H)-Pyrimidinone, 4-amino-1.beta.-D-arzbinofuranosyl-, monohydrochloride",-1
63878,Iretin,[Cl-].NC1=NC(=O)N(C=C1)[C@@H]2O[C@H](CO)[C@@H](O)[C@@H]2O.[H+]
63878,Alexan,NC1=NC(=O)N(C=C1)C2OC(CO)C(O)C2O
63878,AC 1075,-1
63878,U 19920,-1
63878,Cylocide,[Cl-].NC1=NC(=O)N(C=C1)[C@@H]2O[C@H](CO)[C@@H](O)[C@@H]2O.[H+]
63878,u-19920a,[Cl-].NC1=NC(=O)N(C=C1)[C@@H]2O[C@H](CO)[C@@H](O)[C@@H]2O.[H+]
63878,U-19920A,[Cl-].NC1=NC(=O)N(C=C1)[C@@H]2O[C@H](CO)[C@@H](O)[C@@H]2O.[H+]
63878,CA,[Ca++]
63878,"2(1H)-Pyrimidinone, 4-amino-1-.beta.-D-arabinofuranosyl-, monohydrochloride",-1
66847,Thalidomide,O=C1CCC(N2C(=O)c3ccccc3C2=O)C(=O)N1
66847,Kevadon,O=C1CCC(N2C(=O)c3ccccc3C2=O)C(=O)N1
66847,Thalomid,O=C1CCC(N2C(=O)c3ccccc3C2=O)C(=O)N1
66847,N-Phthaloylglutamimide,O=C1CCC(N2C(=O)c3ccccc3C2=O)C(=O)N1
66847,N-Phthalylglutamic acid imide,-1
66847,Neo,O=C1CCC(N2C(=O)c3ccccc3C2=O)C(=O)N1
66847,K-17,O=C1CCC(N2C(=O)c3ccccc3C2=O)C(=O)N1
66847,E-217,O=C1CCC(N2C(=O)c3ccccc3C2=O)C(=O)N1
66847,Sedin,O=C1CCC(N2C(=O)c3ccccc3C2=O)C(=O)N1
66847,Nibrol,O=C1CCC(N2C(=O)c3ccccc3C2=O)C(=O)N1
66847,Glupan,O=C1CCC(N2C(=O)c3ccccc3C2=O)C(=O)N1
66847,Isomin,O=C1CCC(N2C(=O)c3ccccc3C2=O)C(=O)N1
66847,Valgis,O=C1CCC(N2C(=O)c3ccccc3C2=O)C(=O)N1
66847,Thalin,O=C1CCC(N2C(=O)c3ccccc3C2=O)C(=O)N1
66847,Pangul,O=C1CCC(N2C(=O)c3ccccc3C2=O)C(=O)N1
66847,Slipro,O=C1CCC(N2C(=O)c3ccccc3C2=O)C(=O)N1
66847,Asmaval,O=C1CCC(N2C(=O)c3ccccc3C2=O)C(=O)N1
66847,Sleepan,O=C1CCC(N2C(=O)c3ccccc3C2=O)C(=O)N1
66847,Lulamin,O=C1CCC(N2C(=O)c3ccccc3C2=O)C(=O)N1
66847,Calmore,O=C1CCC(N2C(=O)c3ccccc3C2=O)C(=O)N1
66847,Telagan,O=C1CCC(N2C(=O)c3ccccc3C2=O)C(=O)N1
66847,Grippex,O=C1CCC(N2C(=O)c3ccccc3C2=O)C(=O)N1
66847,Noxodyn,O=C1CCC(N2C(=O)c3ccccc3C2=O)C(=O)N1
66847,Talimol,O=C1CCC(N2C(=O)c3ccccc3C2=O)C(=O)N1
66847,Kedavon,O=C1CCC(N2C(=O)c3ccccc3C2=O)C(=O)N1
66847,Imidene,O=C1CCC(N2C(=O)c3ccccc3C2=O)C(=O)N1
66847,Sedoval,O=C1CCC(N2C(=O)c3ccccc3C2=O)C(=O)N1
66847,Yodomin,O=C1CCC(N2C(=O)c3ccccc3C2=O)C(=O)N1
66847,Neufatin,O=C1CCC(N2C(=O)c3ccccc3C2=O)C(=O)N1
66847,Asidon 3,-1
66847,Asmadion,O=C1CCC(N2C(=O)c3ccccc3C2=O)C(=O)N1
66847,Bonbrain,O=C1CCC(N2C(=O)c3ccccc3C2=O)C(=O)N1
66847,Bonbrrin,O=C1CCC(N2C(=O)c3ccccc3C2=O)C(=O)N1
66847,Calmorex,O=C1CCC(N2C(=O)c3ccccc3C2=O)C(=O)N1
66847,Distaval,O=C1CCC(N2C(=O)c3ccccc3C2=O)C(=O)N1
66847,Distaxal,O=C1CCC(N2C(=O)c3ccccc3C2=O)C(=O)N1
66847,Distoval,O=C1CCC(N2C(=O)c3ccccc3C2=O)C(=O)N1
66847,Glutanon,O=C1CCC(N2C(=O)c3ccccc3C2=O)C(=O)N1
66847,Hippuzon,O=C1CCC(N2C(=O)c3ccccc3C2=O)C(=O)N1
66847,Neosedyn,O=C1CCC(N2C(=O)c3ccccc3C2=O)C(=O)N1
66847,Neosydyn,O=C1CCC(N2C(=O)c3ccccc3C2=O)C(=O)N1
66847,Neurodyn,O=C1CCC(N2C(=O)c3ccccc3C2=O)C(=O)N1
66847,Nevrodyn,O=C1CCC(N2C(=O)c3ccccc3C2=O)C(=O)N1
66847,Quetimid,O=C1CCC(N2C(=O)c3ccccc3C2=O)C(=O)N1
66847,Sedimide,O=C1CCC(N2C(=O)c3ccccc3C2=O)C(=O)N1
66847,Softenil,O=C1CCC(N2C(=O)c3ccccc3C2=O)C(=O)N1
66847,Softenon,O=C1CCC(N2C(=O)c3ccccc3C2=O)C(=O)N1
66847,Talargan,O=C1CCC(N2C(=O)c3ccccc3C2=O)C(=O)N1
66847,Talismol,O=C1CCC(N2C(=O)c3ccccc3C2=O)C(=O)N1
66847,Tensival,O=C1CCC(N2C(=O)c3ccccc3C2=O)C(=O)N1
66847,Ulcerfen,O=C1CCC(N2C(=O)c3ccccc3C2=O)C(=O)N1
66847,Valgraine,O=C1CCC(N2C(=O)c3ccccc3C2=O)C(=O)N1
66847,Algosediv,O=C1CCC(N2C(=O)c3ccccc3C2=O)C(=O)N1
66847,Pro-ban M,-1
66847,Profarmil,O=C1CCC(N2C(=O)c3ccccc3C2=O)C(=O)N1
66847,Contergan,O=C1CCC(N2C(=O)c3ccccc3C2=O)C(=O)N1
66847,Sandormin,O=C1CCC(N2C(=O)c3ccccc3C2=O)C(=O)N1
66847,Ectiluran,O=C1CCC(N2C(=O)c3ccccc3C2=O)C(=O)N1
66847,Imida-Lab,O=C1CCC(N2C(=O)c3ccccc3C2=O)C(=O)N1
66847,Telargean,O=C1CCC(N2C(=O)c3ccccc3C2=O)C(=O)N1
66847,Nerosedyn,O=C1CCC(N2C(=O)c3ccccc3C2=O)C(=O)N1
66847,Polygripan,O=C1CCC(N2C(=O)c3ccccc3C2=O)C(=O)N1
66847,Neurosedin,O=C1CCC(N2C(=O)c3ccccc3C2=O)C(=O)N1
66847,Neurosedym,O=C1CCC(N2C(=O)c3ccccc3C2=O)C(=O)N1
66847,Noctosediv,O=C1CCC(N2C(=O)c3ccccc3C2=O)C(=O)N1
66847,Pantosediv,O=C1CCC(N2C(=O)c3ccccc3C2=O)C(=O)N1
66847,Poly-Giron,O=C1CCC(N2C(=O)c3ccccc3C2=O)C(=O)N1
66847,Quietoplex,O=C1CCC(N2C(=O)c3ccccc3C2=O)C(=O)N1
66847,Thalinette,O=C1CCC(N2C(=O)c3ccccc3C2=O)C(=O)N1
66847,Sedisperil,O=C1CCC(N2C(=O)c3ccccc3C2=O)C(=O)N1
66847,Shinnibrol,O=C1CCC(N2C(=O)c3ccccc3C2=O)C(=O)N1
66847,Gastrinide,O=C1CCC(N2C(=O)c3ccccc3C2=O)C(=O)N1
66847,Enterosediv,O=C1CCC(N2C(=O)c3ccccc3C2=O)C(=O)N1
66847,Thalidomide,O=C1CCC(N2C(=O)c3ccccc3C2=O)C(=O)N1
66847,Shin-naito S,-1
66847,Psycholiquid,O=C1CCC(N2C(=O)c3ccccc3C2=O)C(=O)N1
66847,Predni-Sediv,O=C1CCC(N2C(=O)c3ccccc3C2=O)C(=O)N1
66847,Psychotablets,O=C1CCC(N2C(=O)c3ccccc3C2=O)C(=O)N1
66847,Imidan (peyta),-1
66847,Corronarobetin,O=C1CCC(N2C(=O)c3ccccc3C2=O)C(=O)N1
66847,Theophilcholine,O=C1CCC(N2C(=O)c3ccccc3C2=O)C(=O)N1
66847,Sedalis sedi-lab,-1
66847,3-Phthalimidoglutarimide,O=C1CC(CC(=O)N1)N2C(=O)c3ccccc3C2=O
66847,Thalidomide (soluble form),-1
66847,"Glutarimide, 2-phthalimido-",-1
66847,.alpha.-N-Phthalylglutaramide,O=C1CCC(N2C(=O)c3ccccc3C2=O)C(=O)N1
66847,.alpha.-Phthalimidoglutarimide,O=C1CCC(N2C(=O)c3ccccc3C2=O)C(=O)N1
66847,"2,6-Dioxo-3-phthalimidopiperidine",O=C1CCC(N2C(=O)c3ccccc3C2=O)C(=O)N1
66847,.alpha.-(N-Phthalimido)glutarimide,O=C1CCC(N2C(=O)c3ccccc3C2=O)C(=O)N1
66847,"N-(2,6-Dioxo-3-piperidyl)phthalimide",O=C1CCC(N2C(=O)c3ccccc3C2=O)C(=O)N1
66847,WLN: T56 BVNVJ C- DT6VMVTJ,-1
66847,"1H-Isoindole-1,3(2H)-dione, 2-(2,6-dioxo-3-piperidinyl)-",-1
66847,"Phthalimide, N-(2,6-dioxo-3-piperidyl)-",-1
66847,K 17,-1
66847,N-Phthalyl-glutaminsaeure-imid,O=C1CCC(N2C(=O)c3ccccc3C2=O)C(=O)N1
67574,Vincristine sulfate,-1
67574,Vincristine,CC[C@]1(O)C[C@H]2CN(CCc3c([nH]c4ccccc34)[C@@](C2)(C(=O)OC)c5cc6c(cc5OC)N(C=O)[C@H]7[C@](O)([C@H](OC(C)=O)[C@]8(CC)C=CCN9CC[C@]67[C@H]89)C(=O)OC)C1
67574,Onkovin,CC[C@]1(O)C[C@H]2CN(CCc3c([nH]c4ccccc34)[C@@](C2)(C(=O)OC)c5cc6c(cc5OC)N(C=O)[C@H]7[C@](O)([C@H](OC(C)=O)[C@]8(CC)C=CCN9CC[C@]67[C@H]89)C(=O)OC)C1.O[S](O)(=O)=O
67574,Leurocristine sulfate,-1
67574,Oncovin,CC[C@]1(O)C[C@H]2CN(CCc3c([nH]c4ccccc34)[C@@](C2)(C(=O)OC)c5cc6c(cc5OC)N(C=O)[C@H]7[C@](O)([C@H](OC(C)=O)[C@]8(CC)C=CCN9CC[C@]67[C@H]89)C(=O)OC)C1.O[S](O)(=O)=O
67574,VCR sulfate,-1
67574,Alkaloid extracted from Vinca rosea Linn,-1
67574,Vincasar,-1
67574,Vincrex,CC[C@]1(O)C[C@H]2CN(CCc3c([nH]c4ccccc34)[C@@](C2)(C(=O)OC)c5cc6c(cc5OC)N(C=O)[C@H]7[C@](O)([C@H](OC(C)=O)[C@]8(CC)C=CCN9CC[C@]67[C@H]89)C(=O)OC)C1.O[S](O)(=O)=O
67574,Kyocristine,CC[C@]1(O)C[C@H]2CN(CCc3c([nH]c4ccccc34)[C@@](C2)(C(=O)OC)c5cc6c(cc5OC)N(C=O)[C@H]7[C@](O)([C@H](OC(C)=O)[C@]8(CC)C=CCN9CC[C@]67[C@H]89)C(=O)OC)C1.O[S](O)(=O)=O
67574,Lilly 37231,-1
67574,LCR,CC[C@]1(O)C[C@H]2CN(CCc3c([nH]c4ccccc34)[C@@](C2)(C(=O)OC)c5cc6c(cc5OC)N(C=O)[C@H]7[C@](O)([C@H](OC(C)=O)[C@]8(CC)C=CCN9CC[C@]67[C@H]89)C(=O)OC)C1.O[S](O)(=O)=O
67574,Vincrisul,CC[C@]1(O)C[C@H]2CN(CCc3c([nH]c4ccccc34)[C@@](C2)(C(=O)OC)c5cc6c(cc5OC)N(C=O)[C@H]7[C@](O)([C@H](OC(C)=O)[C@]8(CC)C=CCN9CC[C@]67[C@H]89)C(=O)OC)C1.O[S](O)(=O)=O
67574,37231,-1
67574,NSC67674,FC(F)(F)C(=O)Nc1ccc2OC(=O)c3ccccc3c2c1
67574,NSC 67574,-1
67574,"Vincristine, sulfate",-1
67574,LEUROCRISTINE SULFATE,-1
67574,"Leurocristine, sulfate",-1
67574,Leurocristine sulfate (1:1),-1
67574,Leurocristine sulfate (1:1) (salt),-1
67574,VINCRISTINE SULFATE,-1
67574,LEUROCRISTINE,CC[C@]1(O)C[C@H]2CN(CCc3c([nH]c4ccccc34)[C@@](C2)(C(=O)OC)c5cc6c(cc5OC)N(C=O)[C@H]7[C@](O)([C@H](OC(C)=O)[C@]8(CC)C=CCN9CC[C@]67[C@H]89)C(=O)OC)C1.O[S](O)(=O)=O
67574,VINCRISTINE,CC[C@]1(O)C[C@H]2CN(CCc3c([nH]c4ccccc34)[C@@](C2)(C(=O)OC)c5cc6c(cc5OC)N(C=O)[C@H]7[C@](O)([C@H](OC(C)=O)[C@]8(CC)C=CCN9CC[C@]67[C@H]89)C(=O)OC)C1
67574,"Vincaleukoblastine, 22-oxo-, sulfate (1:1) (salt)",-1
67574,"Leurocristine, sulfate (1:1) (salt)",-1
71423,Megestrol acetate,-1
71423,Megestrol ,-1
71423,Megace,CC(=O)O[C@@]1(CC[C@H]2[C@@H]3C=C(C)C4=CC(=O)CC[C@]4(C)[C@H]3CC[C@]12C)C(C)=O
71423,"Progesterone, 6-dehydro-17-hydroxy-6-methyl-, acetate",-1
71423,"17-Acetoxy-6-methylpregna-4,6-diene-3,20-dione",CC(=O)O[C@@]1(CC[C@H]2[C@@H]3C=C(C)C4=CC(=O)CC[C@]4(C)[C@H]3CC[C@]12C)C(C)=O
71423,Megestryl acetate,-1
71423,6-Methyl-6-dehydro-17.alpha.-acetylprogesterone,CC(=O)O[C@@]1(CC[C@H]2[C@@H]3C=C(C)C4=CC(=O)CC[C@]4(C)[C@H]3CC[C@]12C)C(C)=O
71423,6-Methyl-6-dehydro-17.alpha.-acetoxyprogesterone,CC(=O)O[C@@]1(CC[C@H]2[C@@H]3C=C(C)C4=CC(=O)CC[C@]4(C)[C@H]3CC[C@]12C)C(C)=O
71423,17.alpha.-Acetoxy-6-dehydro-6-methylprogesterone,CC(=O)O[C@@]1(CC[C@H]2[C@@H]3C=C(C)C4=CC(=O)CC[C@]4(C)[C@H]3CC[C@]12C)C(C)=O
71423,6-Dehydro-6-methyl-17.alpha.-acetoxyprogesterone,CC(=O)O[C@@]1(CC[C@H]2[C@@H]3C=C(C)C4=CC(=O)CC[C@]4(C)[C@H]3CC[C@]12C)C(C)=O
71423,"17.alpha.-Acetoxy-6-methyl-4,6-pregnadiene-3,20-dione",CC(=O)O[C@@]1(CC[C@H]2[C@@H]3C=C(C)C4=CC(=O)CC[C@]4(C)[C@H]3CC[C@]12C)C(C)=O
71423,"17.alpha.-Acetoxy-6-methylpregna-4,6-diene-3,20-dione",CC(=O)O[C@@]1(CC[C@H]2[C@@H]3C=C(C)C4=CC(=O)CC[C@]4(C)[C@H]3CC[C@]12C)C(C)=O
71423,"17-Hydroxy-6-methylpregna-4,6-diene-3,20-dione acetate",-1
71423,6-Methyl-17.alpha.-hydroxy-.delta.(sup 6)-progesterone acetate,-1
71423,Niagestin,CC(=O)O[C@@]1(CC[C@H]2[C@@H]3C=C(C)C4=CC(=O)CC[C@]4(C)[C@H]3CC[C@]12C)C(C)=O
71423,Magestin,CC(=O)O[C@@]1(CC[C@H]2[C@@H]3C=C(C)C4=CC(=O)CC[C@]4(C)[C@H]3CC[C@]12C)C(C)=O
71423,SC-10363,CC(=O)O[C@@]1(CC[C@H]2[C@@H]3C=C(C)C4=CC(=O)CC[C@]4(C)[C@H]3CC[C@]12C)C(C)=O
71423,BDH 1298,-1
71423,Ovaban,CC(=O)O[C@@]1(CC[C@H]2[C@@H]3C=C(C)C4=CC(=O)CC[C@]4(C)[C@H]3CC[C@]12C)C(C)=O
71423,Ovarid,CC(=O)O[C@@]1(CC[C@H]2[C@@H]3C=C(C)C4=CC(=O)CC[C@]4(C)[C@H]3CC[C@]12C)C(C)=O
71423,Volidan,CC(=O)O[C@@]1(CC[C@H]2[C@@H]3C=C(C)C4=CC(=O)CC[C@]4(C)[C@H]3CC[C@]12C)C(C)=O.C[C@]56CC[C@H]7[C@@H](CCc8cc(O)ccc78)[C@@H]5CC[C@@]6(O)C#C
71423,Megeron,CC(=O)O[C@@]1(CC[C@H]2[C@@H]3C=C(C)C4=CC(=O)CC[C@]4(C)[C@H]3CC[C@]12C)C(C)=O
71423,S4,CC(=O)O[C@@]1(CC[C@H]2[C@@H]3C=C(C)C4=CC(=O)CC[C@]4(C)[C@H]3CC[C@]12C)C(C)=O
71423,Nia,Nc1n(cnc1[N+]([O-])=O)[C@@H]2O[C@H](CO[P](O)(O)=O)[C@@H](O)[C@H]2O
71423,5071,-1
71423,DMAP,CN(C)c1ccncc1
71423,SC 10363,-1
71423,WLN: L E5 B666 OV KU MUTJ A1 E1 FV1 FOV1 L1,-1
71423,"Pregna-4,6-diene-3,20-dione, 17-(acetyloxy)-6-methyl-",-1
71423,"Pregna-4,6-diene-3,20-dione, 17-hydroxy-6-methyl-, acetate",-1
77213,Procarbazine hydrochloride,-1
77213,Procarbazine,CNNCc1ccc(cc1)C(=O)NC(C)C
77213,Matulane,[H+].[Cl-].CNNCc1ccc(cc1)C(=O)NC(C)C
77213,PCB hydrochloride,-1
77213,Ibenzmethyzine hydrochloride,-1
77213,p-(N'-methylhydrazinomethyl)-N-isopropylbenzamide hydrochloride,-1
77213,MBH,[H+].[Cl-].CNNCc1ccc(cc1)C(=O)NC(C)C
77213,Natulan,[H+].[Cl-].CNNCc1ccc(cc1)C(=O)NC(C)C
77213,Nathulane,[H+].[Cl-].CNNCc1ccc(cc1)C(=O)NC(C)C
77213,Natunalar,[H+].[Cl-].CNNCc1ccc(cc1)C(=O)NC(C)C
77213,MIH hydrochloride,-1
77213,NCI-C01810,[H+].[Cl-].CNNCc1ccc(cc1)C(=O)NC(C)C
77213,Ro 4 6467/1,-1
77213,WLN: 1Y1&MVR D1MM1 &GH,-1
77213,"Benzamide, N-(1-methylethyl)-4-[(2-methylhydrazino) methyl]-, monohydrochloride",-1
77213,"p-Toluamide, N-isopropyl-.alpha.-(2-methylhydrazino)-, monohydrochloride",-1
77213,Procarbazin,[H+].[Cl-].CNNCc1ccc(cc1)C(=O)NC(C)C
79037,Lomustine,ClCCN(N=O)C(=O)NC1CCCCC1
79037,CeeNU,ClCCN(N=O)C(=O)NC1CCCCC1
79037,CCNU,ClCCN(N=O)C(=O)NC1CCCCC1
79037,N-(2-Chloroethyl)-N'-cyclohexyl-N-nitrosourea,ClCCN(N=O)C(=O)NC1CCCCC1
79037,Belustine,ClCCN(N=O)C(=O)NC1CCCCC1
79037,1-(2-Chloroethyl)-3-cyclohexylnitrosourea,ClCCN(N=O)C(=O)NC1CCCCC1
79037,1-(2-Chloroethyl)-3-cyclohexyl-1-nitrosourea,ClCCN(N=O)C(=O)NC1CCCCC1
79037,"1-Nitrosourea, 1-(2-chloroethyl)-3-cyclohexyl-",-1
79037,"Urea, 1-(2-chloroethyl)-3-cyclohexyl)-1-nitroso-",-1
79037,SRI 2200,-1
79037,ICIG 1109,-1
79037,Chloroethylcyclohexylnitrosourea,ClCCNC(=O)N(N=O)C1CCCCC1
79037,CiNu,ClCCN(N=O)C(=O)NC1CCCCC1
79037,CCNU,ClCCN(N=O)C(=O)NC1CCCCC1
79037,Cecenu,ClCCN(N=O)C(=O)NC1CCCCC1
79037,LOMUSTINE,ClCCN(N=O)C(=O)NC1CCCCC1
79037,NSC 79037,-1
79037,NCI-C04740,ClCCN(N=O)C(=O)NC1CCCCC1
79037,WLN: L6TJ AMVNNO&2G,-1
79037,"Urea, N-(2-chloroethyl)-N'-cyclohexyl-N-nitroso-",-1
79037,"Urea, 1-(2-chloroethyl)-3-cyclohexyl-1-nitroso-",-1
82151,Daunorubicin hydrochloride,-1
82151,Daunorubicin,COc1cccc2C(=O)c3c(O)c4C[C@](O)(C[C@H](O[C@H]5C[C@H](N)[C@H](O)[C@H](C)O5)c4c(O)c3C(=O)c12)C(C)=O
82151,Daunomycin,COc1cccc2C(=O)c3c(O)c4C[C@](O)(C[C@H](O[C@H]5C[C@H](N)[C@H](O)[C@H](C)O5)c4c(O)c3C(=O)c12)C(C)=O
82151,Daunomycin hydrochloride,-1
82151,Daunoblastin,[Cl-].COc1cccc2C(=O)c3c(O)c4C[C@](O)(C[C@H](O[C@H]5C[C@H](N)[C@H](O)[C@H](C)O5)c4c(O)c3C(=O)c12)C(C)=O.[H+]
82151,Antibiotics from Streptomyces coeruleorubidus,-1
82151,Rubidomycin hydrochloride,-1
82151,"(1S,3S)-3-Acetyl-1,2,3,4,6,11-hexahydro-3,5,12-trihydroxy-10-methoxy-6,11-dioxo-1-naphthacenedione, hydrochloride, (8S-cis)-",-1
82151,"L-lyxo-Hexopyranoside, 3.beta.-acetyl-1,2,3,4,6,11-hexahydro-3,5,12-trihydroxy-10-methoxy-6,11-dioxo-1a-naththacenyl 3-amino-2,3,6-trideoxy-, .alpha.-, hydrochloride",-1
82151,"5,12-Naphthacenedione, 8-acetyl-10-[(3-amino-2,3,6-trideoxy-.alpha.-L-lyxo-hexopyranosyl)]oxy]-7,8,9,10-tetrahydro-6,8,11-trihydroxy-1-methoxy-, (8S-cis)-, hydrochloride",-1
82151,Ondena,[Cl-].COc1cccc2C(=O)c3c(O)c4C[C@](O)(C[C@H](O[C@H]5C[C@H](N)[C@H](O)[C@H](C)O5)c4c(O)c3C(=O)c12)C(C)=O.[H+]
82151,Cerubidine,[Cl-].COc1cccc2C(=O)c3c(O)c4C[C@](O)(C[C@H](O[C@H]5C[C@H](N)[C@H](O)[C@H](C)O5)c4c(O)c3C(=O)c12)C(C)=O.[H+]
82151,NDC 0082-4155,-1
82151,DAUNOMYCIN,COc1cccc2C(=O)c3c(O)c4C[C@](O)(C[C@H](O[C@H]5C[C@H](N)[C@H](O)[C@H](C)O5)c4c(O)c3C(=O)c12)C(C)=O
82151,CERUBIDINE,[Cl-].COc1cccc2C(=O)c3c(O)c4C[C@](O)(C[C@H](O[C@H]5C[C@H](N)[C@H](O)[C@H](C)O5)c4c(O)c3C(=O)c12)C(C)=O.[H+]
82151,RUBIDOMYCIN,[Cl-].COc1cccc2C(=O)c3c(O)c4C[C@](O)(C[C@H](OC5CC(N)C(O)C(C)O5)c4c(O)c3C(=O)c12)C(C)=O.[H+]
82151,RUBOMYCIN C,-1
82151,DAUNORUBICIN HCL,-1
82151,RP 13057 hydrochloride,-1
82151,DAUNORUBICIN HYDROCHLORIDE,-1
82151,DAUNORUBICIN HYDROCHLORIDE,-1
82151,Daunomycin,COc1cccc2C(=O)c3c(O)c4C[C@](O)(C[C@H](O[C@H]5C[C@H](N)[C@H](O)[C@H](C)O5)c4c(O)c3C(=O)c12)C(C)=O
82151,"5,12-Naphthacenedione, 8-acetyl-10-[(3-amino-2,3,6-trideoxy-.alpha.-L-lyxo-hexopyranosyl)oxy]-7,8,9,10-tetrahydro-6,8,11-trihydroxy-1-methoxy-, hydrochloride, (8S-cis)-",-1
82151,"Daunomycin, hydrochloride",-1
85998,Streptozocin,CN(N=O)C(=O)N[C@H]1[C@@H](O)O[C@H](CO)[C@@H](O)[C@@H]1O
85998,Zanosar,CN(N=O)C(=O)N[C@H]1[C@@H](O)O[C@H](CO)[C@@H](O)[C@@H]1O
85998,STZ,CN(N=O)C(=O)NC(C=O)C(O)C(O)C(O)CO
85998,Streptozoticin,CN(N=O)C(=O)NC(C=O)C(O)C(O)C(O)CO
85998,2-Deoxy-2-(3-methyl-3-nitrosoureido)-D-glucopyranose,CN(N=O)C(=O)N[C@H]1C(O)O[C@H](CO)[C@@H](O)[C@@H]1O
85998,"D-Glucose, 2-deoxy-2-(3-methyl-3-nitrosoureido)-",-1
85998,"D-Glucopyranose, 2-deoxy-2-[[(methylnitrosoamino)carbonyl]amino]-",-1
85998,2-Deoxy-2-(3-methyl-3-nitrosoureido)-.alpha.(and.beta.)-D-glucopyranose,CN(N=O)C(=O)NC(C=O)C(O)C(O)C(O)CO
85998,U-9889,CN(N=O)C(=O)NC(C=O)C(O)C(O)C(O)CO
85998,U 9889,-1
85998,NSC 85998,-1
85998,STREPTOZOCIN,CN(N=O)C(=O)N[C@H]1[C@@H](O)O[C@H](CO)[C@@H](O)[C@@H]1O
85998,"STREPTOZOTOCIN, PURE",-1
85998,"D-Glucose, 2-deoxy-2-[[(methylnitrosoamino)carbonyl]amino]-",-1
85998,"Glucopyranose, 2-deoxy-2-(3-methyl-3-nitrosoureido)-, D-",-1
85998,Streptozotocin,CN(N=O)C(=O)N[C@H]1[C@@H](O)O[C@H](CO)[C@@H](O)[C@@H]1O
92859,Arsenic trioxide,-1
92859,Trisenox,[O--].[O--].[O--].[As+3].[As+3]
92859,"Arsenic oxide, As2O3",-1
92859,Arsenic oxide (As2O3),-1
102816,Azacitidine,NC1=NC(=O)N(C=N1)[C@@H]2O[C@H](CO)[C@@H](O)[C@H]2O
102816,Mylosar,NC1=NC(=O)N(C=N1)[C@@H]2O[C@H](CO)[C@@H](O)[C@H]2O
102816,Vidaza,NC1=NC(=O)N(C=N1)[C@@H]2O[C@H](CO)[C@@H](O)[C@H]2O
102816,Ladakamycin,NC1=NC(=O)N(C=N1)[C@@H]2O[C@H](CO)[C@@H](O)[C@H]2O
102816,5-Azacytidine,NC1=NC(=O)N(C=N1)[C@@H]2O[C@H](CO)[C@@H](O)[C@H]2O
102816,Anitibiotic U 18496,-1
102816,5-AC,NC1=NC(=O)N(C=N1)[C@@H]2O[C@H](CO)[C@@H](O)[C@H]2O
102816,5 AZC,-1
102816,5-AZCR,NC1=NC(=O)N(C=N1)[C@@H]2O[C@H](CO)[C@@H](O)[C@H]2O
102816,"Azacytidine, 5-",-1
102816,NCI-C01569,NC1=NC(=O)N(C=N1)[C@@H]2O[C@H](CO)[C@@H](O)[C@H]2O
102816,AZACITIDINE,NC1=NC(=O)N(C=N1)[C@@H]2O[C@H](CO)[C@@H](O)[C@H]2O
102816,WLN: T6NVN ENJ DZ A- BT5OTJ CQ DQ E1Q,-1
102816,"1,3,5-Triazin-2(1H)-one, 4-amino-1-.beta.-D-ribofuranosyl-",-1
102816,"s-Triazin-2(1H)-one, 4-amino-1-.beta.-D-ribofuranosyl-",-1
105014,Cladribine,Nc1nc(Cl)nc2n(cnc12)[C@H]3C[C@H](O)[C@@H](CO)O3
105014,Leustatin,Nc1nc(Cl)nc2n(cnc12)[C@H]3C[C@H](O)[C@@H](CO)O3
105014,Leustat,-1
105014,"Adenosine, 2-chloro-2'-deoxy-",-1
105014,Cladibina,-1
105014,RWJ-26251,-1
109724,Ifosfamide,ClCCN[P]1(=O)OCCCN1CCCl
109724,Mitoxana,ClCCN[P]1(=O)OCCCN1CCCl
109724,Ifex,ClCCN[P]1(=O)OCCCN1CCCl
109724,Isoendoxan,ClCCN[P]1(=O)OCCCN1CCCl
109724,Asta Z 4942,-1
109724,Iphosphamid,ClCCN[P]1(=O)OCCCN1CCCl
109724,Holoxan 1000,-1
109724,Iphosphamide,ClCCN[P]1(=O)OCCCN1CCCl
109724,Isofosfamide,ClCCN[P]1(=O)OCCCN1CCCl
109724,I-Phosphamide,ClCCN[P]1(=O)OCCCN1CCCl
109724,Isophosphamide,ClCCN[P]1(=O)OCCCN1CCCl
109724,"2,3-N,N(sup 1)-Bis(2-chloroethyl)diamido-1,3,2-oxazaphosphoridinoxyd",-1
109724,"2,3-N,N(sup 1)-Bis(2-chloroethyl)diamido-1,3,2-oxazaphosphoridinoxy-",-1
109724,"N-(2-Chloroethyl)-N'-(2-chloroethyl)-N',O-propylenephosphoric acid diamide",-1
109724,"N-(2-Chloroethyl)-N'-(2-chloroethyl)-N',O-propylene phosphoric acid ester diamide",-1
109724,"3-(2-Chloroethyl)-2-[(2-chloroethyl)amino]perhydro-2H-1,3,2-oxazaphosphorineoxide",ClCCN[P]1(=O)OCCCN1CCCl
109724,"3-(2-Chloroethyl)-2-[(2-chloroethyl)amino]perhydro-2H-1,3,2-oxazaphosphorine oxide",-1
109724,"1,3,2-Oxazaphosphorine, 3-(2-chloroethyl)-2-[(2-chloroethyl)amino]tetrahydro-, 2-oxide",-1
109724,"3-(2-Chloroethyl)-2-[(2-chloroethyl)amino]tetrahydro-2H-1,3,2-oxazaphosphorine 2-oxide",-1
109724,Cyfos,ClCCN[P]1(=O)OCCCN1CCCl
109724,Z4942,ClCCN[P]1(=O)OCCCN1CCCl
109724,Z 4942,-1
109724,A 4942,-1
109724,Naxamide,ClCCN[P]1(=O)OCCCN1CCCl
109724,MJF 9325,-1
109724,IFO,-1
109724,Ifosfamid,ClCCN[P]1(=O)OCCCN1CCCl
109724,NSC 109724,-1
109724,NCI-C01638,ClCCN[P]1(=O)OCCCN1CCCl
109724,NSC-109724,ClCCN[P]1(=O)OCCCN1CCCl
109724,WLN: T6NPOTJ AM2G BO B2G,-1
109724,IFOSFAMIDE,ClCCN[P]1(=O)OCCCN1CCCl
109724,"2H-1,3,2-Oxazaphosphorin-2-amine, N,3-bis(2-chloroethyl)tetrahydro-, 2-oxide",-1
109724,"2H-1,3,2-Oxazaphosphorine, 3-(2-chloroethyl)-2-[(2-chloroethyl)amino]tetrahydro-, 2-oxide",-1
118218,2-Fluoro Ara-A,-1
118218,2-Fluoroadenine arabinoside,-1
118218,"9H-Purin-6-amine, 9-.beta.-D-arabinofuranosyl-2-fluoro-",-1
118218,"Adenine, 9-.beta.-D-arabinofuranosyl-2-fluoro-",-1
119875,Cisplatin,N.N.[Cl-].[Cl-].[Pt++]
119875,Plantinol AQ,-1
119875,Cis-DDP,N.N.[Cl-].[Cl-].[Pt++]
119875,CDDP,N.N.[Cl-].[Cl-].[Pt++]
119875,cis-Diaminedichloroplatinum,N|[Pt](|N)(|[Cl])|[Cl]
119875,Platinol,N.N.[Cl-].[Cl-].[Pt++]
119875,cis Pt II,-1
119875,Platiblastin,N.N.[Cl-].[Cl-].[Pt++]
119875,DDP,-1
119875,CACP,N.N.[Cl-].[Cl-].[Pt++]
119875,DDPt,N.N.[Cl-].[Cl-].[Pt++]
119875,CPDD,N.N.[Cl-].[Cl-].[Pt++]
119875,CISPLATIN,N.N.[Cl-].[Cl-].[Pt++]
119875,CISPLATIN,N.N.[Cl-].[Cl-].[Pt++]
119875,NCI-C55776,N.N.[Cl-].[Cl-].[Pt++]
119875,WLN: Z&2 PT-G2,-1
119875,"Platinum, diamminedichloro-, (SP-4-2)-",-1
119875,"Platinum, diamminedichloro-, cis-",-1
122758,Tretinoin,CC1=C(\C=C\C(C)=C\C=C\C(C)=C\C(O)=O)C(C)(C)CCC1
122758,Vesanoid,CC1=C(\C=C\C(C)=C\C=C\C(C)=C\C(O)=O)C(C)(C)CCC1
122758,ATRA,CC1=C(\C=C\C(C)=C\C=C\C(C)=C\C(O)=O)C(C)(C)CCC1
122758,all trans-Retinoic acid,-1
122758,Retinoic acid,-1
122758,Vitamin A acid,-1
122758,Retin-A,CC1=C(\C=C\C(C)=C\C=C\C(C)=C\C(O)=O)C(C)(C)CCC1
122758,"Tretinoin, all-trans-",-1
122758,all-trans-Retinoic acid,-1
122758,all-trans-Vitamin A acid,-1
122758,"Vitamin A acid, all-trans-",-1
122758,"Vitamin A1 acid, all-trans-",-1
122758,"3,7-Dimethyl-9-(2,6,6-trimethyl-1-cyclohexen-1-yl)-2,4,6,8-nonatetraenoic acid",-1
122758,"2,4,6,8-Nonatetranoic acid, 3,7-dimethyl-9-(2,6,6-trimethyl-1-cyclohexen-1-yl)-",-1
122758,"2,4,6,8-Nonatetraenoic acid, 3,7-dimethyl-9-(2,6,6-trimethyl-1-cyclohexen-1-yl)-, (all-E)-",-1
122758,Airol,CC1=C(\C=C\C(C)=C\C=C\C(C)=C\C(O)=O)C(C)(C)CCC1
122758,Eudyna,CC1=C(\C=C\C(C)=C\C=C\C(C)=C\C(O)=O)C(C)(C)CCC1
122758,Aberel,CC1=C(\C=C\C(C)=C\C=C\C(C)=C\C(O)=O)C(C)(C)CCC1
122758,Aknoten,CC1=C(\C=C\C(C)=C\C=C\C(C)=C\C(O)=O)C(C)(C)CCC1
122758,Aknefug,CC1=C(\C=C\C(C)=C\C=C\C(C)=C\C(O)=O)C(C)(C)CCC1
122758,Dermairol,CC1=C(\C=C\C(C)=C\C=C\C(C)=C\C(O)=O)C(C)(C)CCC1
122758,trans-Retinoic acid,-1
122758,.beta.-Retinoic acid,-1
122758,Alltrans-retinoic acid,-1
122758,RETINOIC ACID,-1
122758,WLN: L6UTJ A1 B1U1Y1&U2U1Y1&U1VQ C1 C1,-1
122758,WLN: L6UTJ A1 B1U1Y1 & U2U1Y1 & U1VQ C1 C1,-1
122758,Retinoic acid,-1
122758,"Retinoic acid, all-trans-",-1
122819,Teniposide,COc1cc(cc(OC)c1O)[C@H]2[C@@H]3[C@H](COC3=O)[C@H](OC4OC5COC(OC5C(O)C4O)c6sccc6)c7cc8OCOc8cc27
122819,Vumon,COc1cc(cc(OC)c1O)[C@H]2[C@@H]3[C@H](COC3=O)[C@H](O[C@@H]4O[C@@H]5COC(O[C@H]5[C@H](O)[C@H]4O)c6sccc6)c7cc8OCOc8cc27
122819,Vee M-26,-1
122819,VM 26,-1
122819,4'-Demethylepipodophyllotoxin thenylidene glucoside,-1
122819,4-Demethylepipodophyllotoxin-.beta.-D-thenylideneglucoside,COc1cc(cc(OC)c1O)[C@H]2[C@@H]3[C@H](COC3=O)[C@H](OC4OC5COC(OC5C(O)C4O)c6sccc6)c7cc8OCOc8cc27
122819,"Furo[3',4':6,7]naphtho[2,3-d]-1,3-dioxol-6(5aH)-one, 5,8,8a,9-tetrahydro-5-(4-hydroxy-3,5-dimethoxyphenyl)-9-[[4,6-O-(2-thienylmethylene)-.beta.-D-glucopyranosyl]oxy]-, [5R-(5.alpha.,5a.beta.,8a.alpha.,9.beta.)]-",-1
122819,"Furo[3',4':6,7]naphtho[2,3-d]-1,3-dioxol-6(5aH)-one, 5,8,8a,9-tetrahydro-5-(4-hydroxy-3,5-dimethoxyphenyl)-9-[[4,6-O-(2-thienylmethylene)-.beta.-D-glucopyranosyl]oxy]-, [5R-(5.alpha.,5a.beta.,8a.alpha.,9.beta.)]-",-1
122819,PTG,COc1cc(cc(OC)c1O)[C@H]2[C@@H]3[C@H](COC3=O)[C@H](OC4OC5COC(OC5C(O)C4O)c6sccc6)c7cc8OCOc8cc27
122819,EPT,CCCCCCCc1ccc(O)cc1
122819,Vehem,COc1cc(cc(OC)c1O)[C@H]2[C@@H]3[C@H](COC3=O)[C@H](O[C@@H]4O[C@@H]5COC(O[C@H]5[C@H](O)[C@H]4O)c6sccc6)c7cc8OCOc8cc27
122819,Veham-Sandoz,COc1cc(cc(OC)c1O)[C@H]2[C@@H]3[C@H](COC3=O)[C@H](OC4OC5COC(OC5C(O)C4O)c6sccc6)c7cc8OCOc8cc27
122819,NSC122819,COc1cc(cc(OC)c1O)[C@H]2[C@@H]3[C@H](COC3=O)[C@H](OC4OC5COC(OC5C(O)C4O)c6sccc6)c7cc8OCOc8cc27
122819,TENIPOSIDE,COc1cc(cc(OC)c1O)[C@H]2[C@@H]3[C@H](COC3=O)[C@H](OC4OC5COC(OC5C(O)C4O)c6sccc6)c7cc8OCOc8cc27
122819,NSC 12819,-1
122819,"Furo[3',4':6,7]naphtho[2,3-d]-1,3-dioxol-6(5aH)-one, 5,8,8a,9-tetrahydro-5-(4-hydroxy-3,5-dimethoxyphenyl)-9-[[4,6-O-(2-thienylmethylene)-.beta.-D-glucopyranosyl]oxy]-, [5R-[5.alpha.,5a.beta.,8a.alpha.,9.beta.(R*)]]-",-1
122819,"Furo[3',4':6,7]naphtho[2,3-d]-1,3-dioxol-6(5aH)-one, 5,8,8a,9-tetrahydro-5-(4-hydroxy-3,5-dimethoxyphenyl)-9-[[4,6-O-(2-thienylmethylene)-.beta.-D-glucopyranosyl]oxy]-, [5R-[5.alpha.,5a.beta.,8a.alpha.,9.beta.(R*)]]-",-1
122819,"Epipodophyllotoxin, 4'-demethyl-, 9-(4,6-O-2-thenylidene-.beta.-D-glucopyranoside)",-1
122819,"Epipodophyllotoxin, 4'-demethyl-, 9-(4,6-O-2-thienylidene-.beta.-D-glucopyranoside)",-1
123127,Doxorubicin hydrochloride,-1
123127,Adriamycin,COc1cccc2C(=O)c3c(O)c4C[C@](O)(C[C@H](O[C@H]5C[C@H](N)[C@H](O)[C@H](C)O5)c4c(O)c3C(=O)c12)C(=O)CO
123127,Rubex,[Cl-].COc1cccc2C(=O)c3c(O)c4C[C@](O)(C[C@H](OC5CC(N)C(O)C(C)O5)c4c(O)c3C(=O)c12)C(=O)CO.[H+]
123127,Doxorubicin,COc1cccc2C(=O)c3c(O)c4C[C@](O)(C[C@H](O[C@H]5C[C@H](N)[C@H](O)[C@H](C)O5)c4c(O)c3C(=O)c12)C(=O)CO
123127,ADM hydrochloride,-1
123127,Adriamycin hydrochloride,-1
123127,ADR,[Cl-].COc1cccc2C(=O)c3c(O)c4C[C@](O)(C[C@H](OC5CC(N)C(O)C(C)O5)c4c(O)c3C(=O)c12)C(=O)CO.[H+]
123127,DOX HCl,-1
123127,Adriacin,[Cl-].COc1cccc2C(=O)c3c(O)c4C[C@](O)(C[C@H](OC5CC(N)C(O)C(C)O5)c4c(O)c3C(=O)c12)C(=O)CO.[H+]
123127,Adriblastin,[Cl-].COc1cccc2C(=O)c3c(O)c4C[C@](O)(C[C@H](OC5CC(N)C(O)C(C)O5)c4c(O)c3C(=O)c12)C(=O)CO.[H+]
123127,Adriblastina,[Cl-].COc1cccc2C(=O)c3c(O)c4C[C@](O)(C[C@H](OC5CC(N)C(O)C(C)O5)c4c(O)c3C(=O)c12)C(=O)CO.[H+]
123127,FI 106,-1
123127,FI 6804,-1
123127,Hydroxydaunorubicin hydrochloride,-1
123127,"L-lyxo-Hexopyranoside, 3b-glycoloyl-1,2,3,4,6,11-hexahydro-3,5,12-trihydroxy-10-methoxy-6,11-dioxo-1a-naphthacenyl 3-amino-2,3,6-trideoxy-, .alpha.-, hydrochloride",-1
123127,ADRIAMYCIN HCL,-1
123127,ADRIAMYCIN HYDROCHLORIDE,-1
123127,"ADRIAMYCIN, HYDROCHLORIDE",-1
123127,"5,12-Naphthacenedione, 10-[(3-amino-2,3,6-trideoxy-.alpha.-L-lyxo-hexopyranosyl)oxy]-7,8,9,10-tetrahydro-6,8,11-trihydroxy-8-(hydroxyacetyl)-1-methoxy-, hydrochloride, (8S-cis)-",-1
123127,"Adriamycin, hydrochloride",-1
125066,Bleomycin sulfate,-1
125066,Bleomycin,-1
125066,Blenoxane,C[C@@H](O)[C@@H](NC(=O)[C@@H](C)[C@H](O)[C@@H](C)NC(=O)[C@H](NC(=O)c1nc(nc(N)c1C)[C@H](CC(N)=O)NC[C@H](N)C(N)=O)[C@@H](O[C@@H]2O[C@@H](CO)[C@@H](O)[C@H](O)[C@@H]2O[C@@H]3O[C@H](CO)[C@@H](O)[C@@H](OC(N)=O)[C@@H]3O)c4[nH]cnc4)C(=O)NCCc5scc(n5)c6sc(cn6)C(=O)NCCC[S+](C)C.C[C@@H](O)[C@@H](NC(=O)[C@@H](C)[C@H](O)[C@@H](C)NC(=O)[C@H](NC(=O)c7nc(nc(N)c7C)[C@H](CC(N)=O)NC[C@H](N)C(N)=O)[C@@H](O[C@@H]8O[C@@H](CO)[C@@H](O)[C@H](O)[C@@H]8O[C@@H]9O[C@H](CO)[C@@H](O)[C@@H](OC(N)=O)[C@@H]9O)c%10[nH]cnc%10)C(=O)NCCc%11scc(n%11)c%12sc(cn%12)C(=O)NCCC[S+](C)C.[O-][S]([O-])(=O)=O
125066,BLM,C[C@@H](O)[C@H](NC(=O)[C@@H](C)[C@H](O)[C@@H](C)NC(=O)[C@@H](NC(=O)c1nc(nc(N)c1C)[C@H](CC(N)=O)NC[C@H](N)C(N)=O)[C@@H](O[C@@H]2O[C@@H](CO)[C@@H](O)[C@H](O)[C@@H]2O[C@H]3O[C@H](CO)[C@@H](O)[C@H](OC(N)=O)[C@@H]3O)c4[nH]cnc4)C(=O)NCCc5scc(n5)c6scc(n6)C(=O)NCCC[S+](C)C
125066,Bleo,C[C@@H](O)[C@@H](NC(=O)[C@@H](C)[C@H](O)[C@@H](C)NC(=O)[C@H](NC(=O)c1nc(nc(N)c1C)[C@H](CC(N)=O)NC[C@H](N)C(N)=O)[C@@H](O[C@@H]2O[C@@H](CO)[C@@H](O)[C@H](O)[C@@H]2O[C@@H]3O[C@H](CO)[C@@H](O)[C@@H](OC(N)=O)[C@@H]3O)c4[nH]cnc4)C(=O)NCCc5scc(n5)c6sc(cn6)C(=O)NCCC[S+](C)C.C[C@@H](O)[C@@H](NC(=O)[C@@H](C)[C@H](O)[C@@H](C)NC(=O)[C@H](NC(=O)c7nc(nc(N)c7C)[C@H](CC(N)=O)NC[C@H](N)C(N)=O)[C@@H](O[C@@H]8O[C@@H](CO)[C@@H](O)[C@H](O)[C@@H]8O[C@@H]9O[C@H](CO)[C@@H](O)[C@@H](OC(N)=O)[C@@H]9O)c%10[nH]cnc%10)C(=O)NCCc%11scc(n%11)c%12sc(cn%12)C(=O)NCCC[S+](C)C.[O-][S]([O-])(=O)=O
125066,Bleocin,C[C@@H](O)[C@H](NC(=O)[C@@H](C)[C@H](O)[C@@H](C)NC(=O)[C@@H](NC(=O)c1nc(nc(N)c1C)[C@H](CC(N)=O)NC[C@H](N)C(N)=O)[C@@H](OC2OC(CO)C(O)C(O)C2OC3OC(CO)C(O)C(OC(N)=O)C3O)c4[nH]cnc4)C(=O)NCCc5scc(n5)c6scc(n6)C(=O)NCCC[S+](C)C
125973,Paclitaxel,CC(=O)O[C@H]1C(=O)[C@]2(C)[C@@H](O)C[C@H]3OC[C@@]3(OC(C)=O)C2[C@H](OC(=O)c4ccccc4)[C@]5(O)C[C@H](OC(=O)[C@H](O)[C@@H](NC(=O)c6ccccc6)c7ccccc7)C(=C1C5(C)C)C
125973,Anzatax,CC(=O)O[C@H]1C(=O)[C@]2(C)[C@@H](O)C[C@H]3OC[C@@]3(OC(C)=O)[C@H]2[C@H](OC(=O)c4ccccc4)[C@]5(O)C[C@H](OC(=O)[C@H](O)[C@@H](NC(=O)c6ccccc6)c7ccccc7)C(=C1C5(C)C)C
125973,Taxol,CC(=O)O[C@H]1C(=O)[C@]2(C)[C@@H](O)C[C@H]3OC[C@@]3(OC(C)=O)[C@H]2[C@H](OC(=O)c4ccccc4)[C@]5(O)C[C@H](OC(=O)[C@H](O)[C@@H](NC(=O)c6ccccc6)c7ccccc7)C(=C1C5(C)C)C
125973,Taxol (Registered Trademark),-1
125973,"7,11-Methano-5H-cyclodeca[3,4]benz[1,2-b]oxete,benzenepropanoic acid deriv.",-1
125973,"Benzenepropanoic acid, .beta.-(benzoylamino)- .alpha.-hydroxy-, 6,12b-bis(acetyl oxy)-12-(benzoyloxy)- 2a,3,4,4a,5,6,9,10,11,12,12a,12b,- dodecahydro-4,11- dihydroxy-4a,8,13,13-tetramethyl-5-oxo- 7,11-methano- 1H-cyclodeca[3,4]benz[1,2-b]oxet-9-yl ester, [2aR- [2a.alpha.,4.beta.,4a.beta.,6.beta.,9.alpha.(alpha. R*,.beta.S*),11.alpha.,12.alpha.,12a.alpha.,12b.alpha.]]-",-1
125973,"Tax-11-en-9-one, 5.beta.,20-epoxy-1,2.alpha.,4,7.beta., 10.beta.,13.alpha.- hexahydroxy-, 4,10-diacetate 2- benzoate,13-ester with (2R,3S)-N-benzoyl-3-phenylisoserine",-1
127716,Decitabine,NC1=NC(=O)N(C=N1)C2CC(O)C(CO)O2
127716,Dacogen,NC1=NC(=O)N(C=N1)C2CC(O)C(CO)O2
127716,5-Aza-2'-deoxycytidine,NC1=NC(=O)N(C=N1)[C@H]2C[C@H](O)[C@@H](CO)O2
127716,"1,3,5-Triazin-2(1H)-one, 4-amino-1-(2-deoxy-.beta.-D-erythro-pentofuranosyl)-",-1
127716,"s-Triazin-2(1H)-one, 4-amino-1-(2-deoxy-.beta.-D-erythro-pentofuranosyl-",-1
138783,bendamustine hydrochloride,-1
138783,Ribomustin,-1
138783,Treanda,-1
138783,IMET 3393,-1
138783,Cytostasan,[H+].[Cl-].Cn1c(CCCC(O)=O)nc2cc(ccc12)N(CCCl)CCCl
138783,"2-Benzimidazolinebutryric acid, 1-methyl-5-bis(2-chloroethyl)amino-, hydrochloride",-1
138783,SDX-105,Cn1c(CCCC(O)=O)nc2cc(ccc12)N(CCCl)CCCl
138783,WLN: T56 BN DNJ B1 C3VQ GN2G2G &GH,-1
138783,"1H-Benzimidazole-2-butanoic acid, 5-[bis(2-chloroethyl)amino]-1-methyl-, monohydrochloride",-1
138783,"2-Benzimidazolebutyric acid, 5-[bis(2-chloroethyl)amino]-1-methyl-, monohydrochloride",-1
138783,.gamma.(1-Methyl-5-bis(.beta.-chloraethyl)aminobenzimidazolyl)buttersaeurehydrochlorid,[H+].[Cl-].Cn1c(CCCC(O)=O)nc2cc(ccc12)N(CCCl)CCCl
138783,.gamma.-[1-Methyl-5-bis(.beta.-chloroaethyl)aminobenzimidazoyl]buttersauere hydrochlorid,-1
141540,Etoposide,COc1cc(cc(OC)c1O)[C@H]2[C@@H]3C(COC3=O)[C@H](O[C@@H]4O[C@@H]5CO[C@@H](C)O[C@H]5[C@H](O)[C@H]4O)c6cc7OCOc7cc26
141540,Toposar,COc1cc(cc(OC)c1O)[C@H]2[C@@H]3[C@H](COC3=O)[C@H](O[C@@H]4O[C@@H]5CO[C@@H](C)O[C@H]5[C@H](O)[C@H]4O)c6cc7OCOc7cc26
141540,VePesid,COc1cc(cc(OC)c1O)[C@H]2[C@@H]3[C@H](COC3=O)[C@H](O[C@@H]4O[C@@H]5CO[C@@H](C)O[C@H]5[C@H](O)[C@H]4O)c6cc7OCOc7cc26
141540,VP-16,COc1cc(cc(OC)c1O)[C@H]2[C@@H]3[C@H](COC3=O)[C@H](O[C@@H]4O[C@@H]5CO[C@@H](C)O[C@H]5[C@H](O)[C@H]4O)c6cc7OCOc7cc26
141540,Epipodophyllotoxin VP-16213,-1
141540,"DEMETHY-EPIPODOPHYLLOTOXIN,ETHYLIDENE GLUCOSIDE,",-1
141540,4-Demethylepipodophyllotoxin-.beta.-D-ethylideneglucoside,COc1cc(cc(OC)c1O)C2[C@@H]3[C@H](COC3=O)[C@H](OC4OC5COC(C)OC5C(O)C4O)c6cc7OCOc7cc26
141540,4'-Demethylepipodophyllotoxin ethylidene-.beta.-D-glucoside,-1
141540,"Epipodophyllotoxin, 4'-demethyl-, 9-(4,6-O-ethylidene-.beta.-D-glucopyranoside)",-1
141540,EPE,OCCN1CCN(CC1)CC[S](O)(=O)=O
141540,Vepesid,COc1cc(cc(OC)c1O)[C@H]2[C@@H]3[C@H](COC3=O)[C@H](O[C@@H]4O[C@@H]5CO[C@@H](C)O[C@H]5[C@H](O)[C@H]4O)c6cc7OCOc7cc26
141540,Vepesid J,-1
141540,VP 16-213,-1
141540,ETOPOSIDE,COc1cc(cc(OC)c1O)[C@H]2[C@@H]3C(COC3=O)[C@H](O[C@@H]4O[C@@H]5CO[C@@H](C)O[C@H]5[C@H](O)[C@H]4O)c6cc7OCOc7cc26
141540,NSC141540,COc1cc(cc(OC)c1O)[C@H]2[C@@H]3[C@H](COC3=O)[C@H](OC4OC5COC(C)OC5C(O)C4O)c6cc7OCOc7cc26
141540,NSC 141540,-1
141540,"Furo[3',4':6,7]naphtho[2,3-d]-1,3-dioxol-6(5aH)-one, 9-[(4,6-O-ethylidene-.beta.-D-glucopyranosyl)oxy]-5,8,8a,9-tetrahydro-5-(4-hydroxy-3,5-dimethoxyphenyl)-, [5R-[5.alpha.,5a.beta.,8a.alpha.,9.beta.(R*)]]-",-1
141540,"Epipodophyllotoxin, 4'-demethyl-, 4,6-O-ethylidene-.beta.-D-glucopyranoside",-1
169780,Dexrazoxane,C[C@@H](CN1CC(=O)NC(=O)C1)N2CC(=O)NC(=O)C2
169780,Zinecard,[Cl-].C[C@@H](CN1CC(=O)NC(=O)C1)N2CC(=O)NC(=O)C2.[H+]
169780,Totect,[Cl-].C[C@@H](CN1CC(=O)NC(=O)C1)N2CC(=O)NC(=O)C2.[H+]
169780,ICRF-187,C[C@@H](CN1CC(=O)NC(=O)C1)N2CC(=O)NC(=O)C2
169780,"(+)-1,2-Bis(3,5-dioxopiperazin-1-yl)propane",CC(CN1CC(=O)NC(=O)C1)N2CC(=O)NC(=O)C2
169780,Soluble ICRF (L-isosomer),-1
169780,"(S)-(+)-1,2-Bis(3,5-dioxopiperazin-1-yl)propane",C[C@@H](CN1CC(=O)NC(=O)C1)N2CC(=O)NC(=O)C2
169780,ADR 529,-1
169780,"2,6-Piperazinedione,4,4'-(1-methyl-1,2-ethanediyl)bis-, (S)-",-1
169780,"2,6-Piperazinedione,4,4'-[(1S)-1-methyl-1,2-ethanediyl]bis-",C[C@@H](CN1CC(=O)NC(=O)C1)N2CC(=O)NC(=O)C2
169780,"2,6-Piperazinedione, 4,4'-propylenedi-, (+)-",-1
180973,Tamoxifen citrate,-1
180973,Tamoxifen,CC/C(c1ccccc1)=C(c2ccccc2)/c3ccc(OCCN(C)C)cc3
180973,Nolvadex,CC/C(c1ccccc1)=C(c2ccccc2)/c3ccc(OCCN(C)C)cc3.OC(=O)CC(O)(CC(O)=O)C(O)=O
180973,TMX,CC/C(c1ccccc1)=C(c2ccccc2)/c3ccc(OCCN(C)C)cc3.OC(=O)CC(O)(CC(O)=O)C(O)=O
180973,ICI 46474 citrate,-1
180973,"Ethanamine, 2-[4-(1,2-diphenyl-1-butenyl)phenoxy]-N,N-dimethyl-, (Z)-, 2-hydroxy-1,2,3-propane-tricarboxylate (1:1)",-1
180973,"Ethanamine, 2-[4-(1,2-diphenyl-1-butenyl)phenoxy]-N,N-dimethyl-, (Z)-, 2-hydroxy-1,2,3-propanetricarboxylate (1:1)",-1
180973,"Ethanamine, 2-[4-(1,2-diphenyl-1-butenyl)phenoxy]-N,N-dimethyl-, (Z)-, 2-hydroxy-1,2,3-propanetricarboxylate (1:1)",-1
218321,Pentostatin,OC[C@H]1O[C@H](C[C@@H]1O)n2cnc3[C@H](O)CN=CNc23
218321,Nipent,OCC1OC(CC1O)n2cnc3[C@H](O)CN=CNc23
218321,2'-Deoxycoformycin,OCC1OC(CC1O)n2cnc3[C@H](O)CN=CNc23
218321,2'-DCF,OCC1OC(CC1O)n2cnc3[C@H](O)CN=CNc23
218321,CI-825,OCC1OC(CC1O)n2cnc3[C@H](O)CN=CNc23
218321,Covidarabine,OCC1OC(CC1O)n2cnc3[C@H](O)CN=CNc23
218321,Co-Vidarabine,OCC1OC(CC1O)n2cnc3[C@H](O)CN=CNc23
218321,Deaminase inhibitor,-1
218321,Vira A deaminase inhibitor,-1
218321,Co-V,OCC1OC(CC1O)n2cnc3[C@H](O)CN=CNc23
218321,PD-ADI,OCC1OC(CC1O)n2cnc3[C@H](O)CN=CNc23
218321,CL 67310465,-1
218321,"Imidazo[4,5-d][1,3]diazepin-8-ol, 3-(2-deoxy-.beta.-D-erythro-pentofuranosyl)-3,6,7,8- tetrahydro-, (R)-",-1
226080,Sirolimus,-1
226080,Rapamune,-1
226080,Rapamycin,-1
226080,(-)-Rapamycin,-1
226080,Antibiotic AY 22989,-1
226080,SIIA 9268A,-1
226080,AY 22989,-1
226080,Wy 090217,-1
226080,"23,27-Epoxy-3H-pyrido[2,1-c][1,4]oxaazacyclohentriacontine- 1,5,11,28,29(4H,6H,31H)-pentone, 9,10,12,13,14,21,22,23,24, 25,26,27,32,33,34,34a-hexadecahydro-9,27-dihydroxy- 3-[2-(4-hydroxy-3-methoxycyclohexyl)-1-methylethyl]- 10,21-dimethoxy-6,8,12,14,20,26-hexamethyl-, [3S-[3R*[S* (1R*,3S*,4S*)],6S*,7E,9S*,10S*,12S*,14R*,15E,17E,19E,21R*, 23R*,26S*,27S*,34aR*]]-",-1
226080,Rapamycin,-1
241240,Carboplatin,-1
241240,Paraplatin,N|[Pt++]|1(|N)|OC(=O)C2(CCC2)C(O|1)=O
241240,Paraplat,-1
241240,CBDCA,N|[Pt++]|1(|N)|OC(=O)C2(CCC2)C(O|1)=O
241240,"1,1-Cyclobutanedicarboxylate diammine platinum(II)",-1
241240,"cis-Diammine(1,1-cyclobutanedicarboxylato)platinum(II)",N|[Pt++]|1(|N)|OC(=O)C2(CCC2)C(O|1)=O
241240,"cis-(1,1-Cyclobutanedicarboxylato)diammineplatinum(II)",N|[Pt++]|1(|N)|OC(=O)C2(CCC2)C(O|1)=O
241240,"Platinum(II), (1,1-cyclobutanedicarboxylato)diammine-, cis-",-1
241240,"Platinum, diamine(1,1-cyclobutanedicarboxylato(2-)-O,O')-, (SP-4-2)-",-1
241240,"Platinum, diammine[1,1-cyclobutanedicarboxylato(2-)-O,O']-, (SP-4-2)-",-1
246131,Valrubicin,CCCCC(=O)OCC(=O)[C@@]1(O)C[C@H](O[C@H]2C[C@H](NC(=O)C(F)(F)F)[C@H](O)[C@H](C)O2)c3c(O)c4C(=O)c5c(OC)cccc5C(=O)c4c(O)c3C1
246131,Valtaxin,CCCCC(=O)OCC(=O)[C@@]1(O)C[C@H](O[C@H]2C[C@H](NC(=O)C(F)(F)F)[C@H](O)[C@H](C)O2)c3c(O)c4C(=O)c5c(OC)cccc5C(=O)c4c(O)c3C1
246131,Valstar,CCCCC(=O)OCC(=O)[C@@]1(O)C[C@H](O[C@H]2C[C@H](NC(=O)C(F)(F)F)[C@H](O)[C@H](C)O2)c3c(O)c4C(=O)c5c(OC)cccc5C(=O)c4c(O)c3C1
246131,Trifluoroacetyladriamycin-14-valerate,CCCCC(=O)OCC(=O)[C@@]1(O)C[C@H](OC2CC(NC(=O)C(F)(F)F)C(O)C(C)O2)c3c(O)c4C(=O)c5c(OC)cccc5C(=O)c4c(O)c3C1
246131,"Adriamycin, trifluoroacetyl-, 14-valerate",-1
246131,AD 32,-1
246131,Antibiotic AD 32,-1
246131,N-Trifluoroacetyladriamycin-14-valerate,CCCCC(=O)OCC(=O)[C@@]1(O)C[C@H](OC2CC(NC(=O)C(F)(F)F)C(O)C(C)O2)c3c(O)c4C(=O)c5c(OC)cccc5C(=O)c4c(O)c3C1
246131,NSC-246131,CCCCC(=O)OCC(=O)[C@@]1(O)C[C@H](OC2CC(NC(=O)C(F)(F)F)C(O)C(C)O2)c3c(O)c4C(=O)c5c(OC)cccc5C(=O)c4c(O)c3C1
246131,"Pentanoic acid, 2-[1,2,3,4,6,11-hexahydro-2,5,12-trihydroxy-7-methoxy-6,11-dioxo-4-[[2,3,6-trideoxy-3-[(trifluoroacetyl)amino]-.alpha.-L-lyxo-hexopyranosyl]oxy]-2-naphthacenyl]-2-oxoethyl ester, (2S-cis)-",-1
256439,4-DMD HCl,-1
256439,IDARUBICIN HYDROCHLORIDE,-1
256439,Idarubicin hydrochloride,-1
256439,4-Demethoxydaunorubicin hydrochloride,-1
256439,"Daunomycin, 4-demethoxy-, hydrochloride",-1
256439,"5,12-Naphthacenedione, 9-acetyl-7-[(3-amino-2,3,6-trideoxy- .alpha.-L-lyxo-hexopyranosyl)oxy]-7,8,9,10-tetrahydro- 6,9,11-trihydroxy-, hydrochloride, (7S-cis)-",-1
256942,4'-Epiadriamycin,[Cl-].COc1cccc2C(=O)c3c(O)c4C[C@](O)(C[C@H](OC5CC(N)C(O)C(C)O5)c4c(O)c3C(=O)c12)C(=O)CO.[H+]
256942,Pidorubicin hydrochloride,-1
256942,4'-epi-Adriamycin hydrochloride,-1
256942,Epirubicin,COc1cccc2C(=O)c3c(O)c4C[C@](O)(C[C@H](O[C@H]5C[C@H](N)[C@@H](O)[C@H](C)O5)c4c(O)c3C(=O)c12)C(=O)CO
256942,"5,12-Naphthacenedione, 10-[(3-amino-2,3,6-trideoxy-.alpha.-L-arabino-hexopyranosyl)oxy]-7,8,9,10-tetrahydro-6,8,11-trihydroxy-8-(hydroxyacetyl)-1-methoxy-, hydrochloride",-1
256942,"5,12-Naphthacenedione, 10-[(3-amino-2,3,6-trideoxy-.alpha.-L-arabino-hexopyranosyl)oxy]-7,8,9,10-tetrahydro-6,8,11-trihydroxy-8-(hydroxyacetyl)-1-methoxy-, hydrochloride, (8S-cis)-",-1
266046,Oxaliplatin,[Pt++].NC1CCCCC1N.[O-]C(=O)C([O-])=O
266046,Eloxatin,[Pt++].NC1CCCCC1N.[O-]C(=O)C([O-])=O
266046,Dacotin,-1
266046,Oxalatoplatin,[Pt++].NC1CCCCC1N.[O-]C(=O)C([O-])=O
266046,Oxalatoplatinum,[Pt++].NC1CCCCC1N.[O-]C(=O)C([O-])=O
266046,"1,2-Cyclohexanediamine, platinum complex, (1R-trans)-",-1
266046,1-OHP,[Pt++].NC1CCCCC1N.[O-]C(=O)C([O-])=O
266046,DACPLAT,[Pt++].NC1CCCCC1N.[OH-]C(=O)C([OH-])=O
266046,RP 54780,-1
266046,"Platinum, [(1R,2R)-1,2-cyclohexanediamine-.kappa.N, .kappa.N'][ethanedioato(2-)-.kappa.O1,.kappa.O2]-,(SP-4-2)-",-1
279836,Mitoxantrone,OCCNCCNc1ccc(NCCNCCO)c2C(=O)c3c(O)ccc(O)c3C(=O)c12
279836,Mitozantrone,OCCNCCNc1ccc(NCCNCCO)c2C(=O)c3c(O)ccc(O)c3C(=O)c12
279836,Novantrone,[H+].[H+].[Cl-].[Cl-].OCCNCCNc1ccc(NCCNCCO)c2C(=O)c3c(O)ccc(O)c3C(=O)c12
279836,DHAQ,OCCNCCNc1ccc(NCCNCCO)c2C(=O)c3c(O)ccc(O)c3C(=O)c12
279836,Dihydroxyanthraquinone,Oc1ccc2C(=O)c3ccccc3C(=O)c2c1O
279836,Mitoxantrone (free base),-1
279836,"9,10-Anthracenedione, 1,4-dihydroxy-5,8-bis[[2-[(2-hydroxyethyl)amino]ethyl] amino]-",-1
279836,Mitroxone,-1
279836,Mitoxantrone hydrochloride,-1
296961,Amifostine,NCCCNCCS[P](O)(O)=O
296961,Ethyol,O.O.O.NCCCNCCS[P](O)(O)=O
296961,Ethiofos,NCCCNCCS[P](O)(O)=O
296961,Aminopropylaminoethyl thiophosphate,-1
296961,2-(3-Aminopropylamino)ethyl thiophosphate,-1
296961,S-(2-(3-Aminopropylamino)ethyl) phosphorothioate,-1
296961,S-[2-(3-Aminopropylamino)ethyl] phosphorothioate,-1
296961,S-[2-[(3-Aminopropyl)amino]ethyl] dihydrogen phosphorothioate,-1
296961,SAPEP,NCCCNCCS[P](O)(O)=O
296961,WR 2721C,-1
296961,WR 2721,-1
296961,AU-95722,NCCCNCCS[P](O)(O)=O
296961,Gammaphos,NCCCNCCS[P](O)(O)=O
296961,"Ethanethiol, 2-[(3-aminopropyl)amino]-, dihydrogen phosphate (ester)",-1
296961,"Ethanethiol, S-[(3-aminopropyl)amino]-, dihydrogen phosphate- (ester)",-1
296961,"Phosphorothioic acid, S-[2-[(3-aminopropyl)amino]ethyl]ester",-1
296961,"Phosphorothioic acid, S-[2-[(3-aminopropyl)amino]ethyl] ester",-1
362856,Temozolomide,CN1N=Nc2n(cnc2C(N)=O)C1=O
362856,Methazolastone,CN1N=Nc2n(cnc2C(N)=O)C1=O
362856,Temodar,CN1N=Nc2n(cnc2C(N)=O)C1=O
362856,Temodal,CN1N=Nc2n(cnc2C(N)=O)C1=O
362856,TMZ,Cn1c[s+]c(C)c1C
362856,"Imidazo[5,1-d]-1,2,3,5-tetrazine-8-carboxamide, 3,4-dihydro-3-methyl-4-oxo-",-1
369100,Imiquimod,CC(C)Cn1cnc2c(N)nc3ccccc3c12
369100,Aldara,CC(C)Cn1cnc2c(N)nc3ccccc3c12
369100,"1H-Imidazo[4,5-c]quinolin-4-amine, 1-(2-methylpropyl)-",-1
409962,Carmustine,ClCCNC(=O)N(CCCl)N=O
409962,Bi CNU,-1
409962,BCNU,ClCCNC(=O)N(CCCl)N=O
409962,Bis(chloroethyl)nitrosourea,ClCCNC(=O)N(CCCl)N=O
409962,"1,3-Bis(2-chloroethyl)nitrosourea",ClCCNC(=O)N(CCCl)N=O
409962,"N,N'-Bis(2-chloroethyl)-N-nitrosourea",ClCCNC(=O)N(CCCl)N=O
409962,Nitrumon,ClCCNC(=O)N(CCCl)N=O
409962,Carmustin,ClCCNC(=O)N(CCCl)N=O
409962,Carmubris,ClCCNC(=O)N(CCCl)N=O
409962,Bis(2-chloroethyl)nitrosourea,ClCCNC(=O)N(CCCl)N=O
409962,"1,3-Bis(2-chloroethyl)-1-nitrosourea",ClCCNC(=O)N(CCCl)N=O
409962,"1,3-Bis(.beta.-chloroethyl)-1-nitrosourea",ClCCNC(=O)N(CCCl)N=O
409962,SRI 1720,-1
409962,SK 27702,-1
409962,FDA 0345,-1
409962,NSC 409962,-1
409962,NSC-409962,ClCCNC(=O)N(CCCl)N=O
409962,NCI-C04773,ClCCNC(=O)N(CCCl)N=O
409962,WLN: ONN2GVM2G,-1
409962,"Urea, N,N'-bis(2-chloroethyl)-N-nitroso-",-1
409962,"Urea, 1,3-bis(2-chloroethyl)-1-nitroso-",-1
606869,Clofarabine,Nc1nc(Cl)nc2n(cnc12)C3OC(CO)C(O)C3F
606869,Clolar,Nc1nc(Cl)nc2n(cnc12)[C@@H]3O[C@H](CO)[C@@H](O)[C@@H]3F
606869,Clofarex,Nc1nc(Cl)nc2n(cnc12)[C@@H]3O[C@H](CO)[C@@H](O)[C@@H]3F
606869,"Adenosine, 2-chloro-2'-deoxy-2'-fluoro-",-1
606869,CAFdA,Nc1nc(Cl)nc2n(cnc12)[C@@H]3O[C@H](CO)[C@@H](O)[C@@H]3F
606869,"Adenine, 2-chloro-9-(2-deoxy-2-fluoro-.beta.-D-arabinofuranosyl)-",-1
608210,Vinorelbine tartrate,-1
608210,Vinorelbine,CCC1=CC2CN(C1)Cc3c([nH]c4ccccc34)[C@@](C2)(C(=O)OC)c5cc6c(cc5OC)N(C)[C@H]7[C@](O)([C@H](OC(C)=O)[C@]8(CC)C=CCN9CC[C@]67[C@H]89)C(=O)OC.O[C@H]([C@@H](O)C(O)=O)C(O)=O.O[C@H]([C@@H](O)C(O)=O)C(O)=O
608210,Navelbine,CCC1=CC2CN(C1)Cc3c([nH]c4ccccc34)[C@@](C2)(C(=O)OC)c5cc6c(cc5OC)N(C)[C@H]7[C@](O)([C@H](OC(C)=O)[C@]8(CC)C=CCN9CC[C@]67[C@H]89)C(=O)OC.O[C@H]([C@@H](O)C(O)=O)C(O)=O.O[C@H]([C@@H](O)C(O)=O)C(O)=O
608210,Biovelbin,-1
608210,Navelbine ditartrate,-1
608210,Vinorelbine ditartrate,-1
609699,Topotecan hydrochloride,-1
609699,Topotecan,CC[C@@]1(O)C(=O)OCC2=C1C=C3N(Cc4cc5c(CN(C)C)c(O)ccc5nc34)C2=O
609699,Hycamtin,[Cl-].CC[C@@]1(O)C(=O)OCC2=C1C=C3N(Cc4cc5c(CN(C)C)c(O)ccc5nc34)C2=O.[H+]
609699,Hycamptamine,[Cl-].CC[C@@]1(O)C(=O)OCC2=C1C=C3N(Cc4cc5c(CN(C)C)c(O)ccc5nc34)C2=O.[H+]
609699,"9-Dimethylaminomethyl-10-hydroxycamptothecin, HCl salt",-1
609699,SKF 104864A,-1
609699,SKF-S 104864-A,-1
609699,"1H-Pyrano[3',4':6,7]indolizino[1,2-b]quinoline- 3,14(4H,12H)-dione, 10-[(dimethylamino)methyl]-4-ethyl-4,9-dihydroxy-, monohydrochloride, (4S)-",-1
613327,Gemcitabine hydrochloride,-1
613327,Gemcitabine,NC1=NC(=O)N(C=C1)[C@@H]2O[C@H](CO)[C@@H](O)C2(F)F
613327,Gemzar,[Cl-].NC1=NC(=O)N(C=C1)[C@@H]2O[C@H](CO)[C@@H](O)C2(F)F.[H+]
613327,Difluorodeoxycytidine hydrochloride,-1
613327,dFdCyd,-1
613327,dFdC,NC1=NC(=O)N(C=C1)[C@@H]2O[C@H](CO)[C@@H](O)C2(F)F
613327,LY-188011,NC1=NC(=O)N(C=C1)[C@@H]2O[C@H](CO)[C@@H](O)C2(F)F
628503,Docetaxel,CC(=O)O[C@@]12CO[C@@H]1C[C@H](O)[C@]3(C)[C@@H]2[C@H](OC(=O)c4ccccc4)[C@]5(O)C[C@H](OC(=O)[C@H](O)[C@@H](NC(=O)OC(C)(C)C)c6ccccc6)C(=C([C@@H](O)C3=O)C5(C)C)C
628503,Taxotere,O.O.O.CC(=O)O[C@@]12CO[C@@H]1C[C@H](O)[C@]3(C)[C@@H]2[C@H](OC(=O)c4ccccc4)[C@]5(O)C[C@H](OC(=O)[C@H](O)[C@@H](NC(=O)OC(C)(C)C)c6ccccc6)C(=C([C@@H](O)C3=O)C5(C)C)C
628503,TXT,-1
628503,RP 56976,-1
673596,SN-38,CCc1c2CN3C(=O)C4=C(C=C3c2nc5ccc(O)cc15)[C@@](O)(CC)C(=O)OC4
673596,SN 38,-1
673596,7-Ethyl-10-hydroxycamptothecin,CCc1c2CN3C(=O)C4=C(C=C3c2nc5ccc(O)cc15)[C@@](O)(CC)C(=O)OC4
673596,7-Ethyl-10-hydroxy-20(S)-camptothecin,CCc1c2CN3C(=O)C4=C(C=C3c2nc5ccc(O)cc15)[C@@](O)(CC)C(=O)OC4
673596,"1H-Pyrano[3',4':6,7]indolizino[1,2-b]quinoline- 3,14(4H,12H)-dione, 4,11-diethyl-4,9-dihydroxy-, (4S)-",-1
681239,Bortezomib,CC(C)C[C@@H](NC(=O)[C@@H](Cc1ccccc1)NC(=O)c2cnccn2)B(O)O
681239,Velcade,CC(C)C[C@@H](NC(=O)[C@@H](Cc1ccccc1)NC(=O)c2cnccn2)B(O)O
681239,PS-341,CC(C)C[C@H](NC(=O)[C@H](Cc1ccccc1)NC(=O)c2cnccn2)B(O)O
681239,"Boronic acid, [1-[[1-oxo-3-phenyl-2-[(2-pyrazinylcarbonyl) amino]propyl]amino]-3-methylbutyl]-, L-(S)-",-1
681239,LDP341,-1
681239,MLN341,-1
681239,PROSCRIPT Boronic acid,-1
686673,Nelarabine,COc1nc(N)nc2n(cnc12)C3O[C@H](CO)[C@@H](O)[C@@H]3O
686673,Arranon,COc1nc(N)nc2n(cnc12)C3O[C@H](CO)[C@@H](O)[C@@H]3O
686673,2-Amino-6-methoxypurine arabinoside,-1
686673,GW 506U78,-1
686673,506U78,COc1nc(N)nc2n(cnc12)C3O[C@H](CO)[C@@H](O)[C@@H]3O
698037,Pemetrexed Disodium ,-1
698037,Pemetrexed,NC1=NC(=O)c2c(CCc3ccc(cc3)C(=O)N[C@H](CCC(O)=O)C(O)=O)c[nH]c2N1
698037,Alimta,[Na+].[Na+].NC1=NC(=O)c2c([nH]cc2CCc3ccc(cc3)C(=O)N[C@H](CCC([O-])=O)C([O-])=O)N1
698037,Rolazar,[Na+].[Na+].NC1=NC(=O)c2c([nH]cc2CCc3ccc(cc3)C(=O)N[C@H](CCC([O-])=O)C([O-])=O)N1
698037,Tifolar,[Na+].[Na+].NC1=NC(=O)c2c([nH]cc2CCc3ccc(cc3)C(=O)N[C@H](CCC([O-])=O)C([O-])=O)N1
698037,MTA,CSCC1OC(C(O)C1O)n2cnc3c(N)ncnc23
698037,LY231514,NC1=NC(=O)c2c(CCc3ccc(cc3)C(=O)N[C@@H](CCC(O)=O)C(O)=O)c[nH]c2N1
698037,"L-Glutamic acid, N-[4-[2-[2-amino-4-oxo-1H-pyrrolo[2,3-d]pyrimidin-5-yl]ethyl]benzoyl]-",-1
701852,Vorinostat,ONC(=O)CCCCCCC(=O)Nc1ccccc1
701852,Zolinza,ONC(=O)CCCCCCC(=O)Nc1ccccc1
701852,SAHA,ONC(=O)CCCCCCC(=O)Nc1ccccc1
701852,Suberoylanilide hydroxamic acid,-1
701852,"N-hydroxy-N'-phenyl-octane-1,8-diotic acid diamide",-1
701852,SKI390,ONC(=O)CCCCCCC(=O)Nc1ccccc1
701852,WIN64652,ONC(=O)CCCCCCC(=O)Nc1ccccc1
701852,L-001079038,-1
701852,"Octanediamide, N-hydroxy-N'-phenyl-",-1
702294,Estramustine phosphate sodium,-1
702294,Estracyt,-1
702294,Emcyte,-1
702294,Estramustine sodium phosphate,-1
702294,Ro 21-8837/001,-1
702294,Leo-299,-1
702294,EM,CCC1OC(=O)C(C)C(OC2CC(C)(OC)C(O)C(C)O2)C(C)C(OC3OC(C)CC(C3O)N(C)C)C(C)(O)CC(C)C(=O)C(C)C(O)C1(C)O
712807,Capecitabine,CCCCCOC(=O)NC1=NC(=O)N(C=C1F)[C@@H]2O[C@H](C)[C@@H](O)[C@H]2O
712807,Xeloda,CCCCCOC(=O)NC1=NC(=O)N(C=C1F)[C@@H]2O[C@H](C)[C@@H](O)[C@H]2O
712807,CAPE,Oc1ccc(\C=C\C(=O)OCCc2ccccc2)cc1O
712807,Ro 09-1978/000,-1
713563,Exemestane,C[C@]12CC[C@H]3[C@@H](CC(=C)C4=CC(=O)C=C[C@]34C)[C@@H]1CCC2=O
713563,Aromasin,C[C@]12CC[C@H]3[C@@H](CC(=C)C4=CC(=O)C=C[C@]34C)[C@@H]1CCC2=O
713563,PNU 155971,-1
713563,"6-Methylenandrosta-1,4-diene-3,17-dione",C[C@]12CC[C@H]3[C@@H](CC(=C)C4=CC(=O)C=C[C@]34C)[C@@H]1CCC2=O
713563,FCE-24304,C[C@]12CC[C@H]3[C@@H](CC(=C)C4=CC(=O)C=C[C@]34C)[C@@H]1CCC2=O
715055,Gefitinib,COc1cc2ncnc(Nc3ccc(F)c(Cl)c3)c2cc1OCCCN4CCOCC4
715055,Iressa,COc1cc2ncnc(Nc3ccc(F)c(Cl)c3)c2cc1OCCCN4CCOCC4
715055,ZD1839,COc1cc2ncnc(Nc3ccc(F)c(Cl)c3)c2cc1OCCCN4CCOCC4
715055,N-(3-Chloro-4-fluorophenyl)-7-methoxy-6-(3-morpholinopropoxy)quinazolin-4-amine,COc1cc2ncnc(Nc3ccc(F)c(Cl)c3)c2cc1OCCCN4CCOCC4
718781,Erlotinib hydrochloride,-1
718781,Tarceva,[H+].[Cl-].COCCOc1cc2ncnc(Nc3cccc(c3)C#C)c2cc1OCCOC
718781,OSI-744,-1
718781,Erlotinib,[H+].[Cl-].COCCOc1cc2ncnc(Nc3cccc(c3)C#C)c2cc1OCCOC
718781,"CP-358,774",-1
718781,"[6,7-Bis(2-methoxy-ethoxy)-quinazolin-4-yl]-(3-ethynyl- phenyl)amine hydrochloride",-1
719276,Fulvestrant,C[C@]12CC[C@H]3[C@@H]([C@H](CCCCCCCCC[S](=O)CCCC(F)(F)C(F)(F)F)Cc4cc(O)ccc34)[C@@H]1CC[C@@H]2O
719276,Faslodex,C[C@]12CC[C@H]3[C@@H]([C@H](CCCCCCCCC[S](=O)CCCC(F)(F)C(F)(F)F)Cc4cc(O)ccc34)[C@@H]1CC[C@@H]2O
719276,"ICI 182,780",-1
719344,Arimidex,CC(C)(C#N)c1cc(Cn2cncn2)cc(c1)C(C)(C)C#N
719344,ZD1033,CC(C)(C#N)c1cc(Cn2cncn2)cc(c1)C(C)(C)C#N
719344,ICI D1033,-1
719344,Anastrozole,CC(C)(C#N)c1cc(Cn2cncn2)cc(c1)C(C)(C)C#N
719344,Arimidex (Zeneca),-1
719344,".alpha.,alpha.,.alpha.',.alpha.'-tetramethyl-5(1H-1,2,4-triazol-1-ylmethyl)-m-benzenediacetonitrile",CC(C)(C#N)c1cc(Cn2cncn2)cc(c1)C(C)(C)C#N
719344,ANAS,-1
719344,"1,3-Benzenediacetonitrile,.alpha.,alpha.,alpha.',.alpha.'-tetramethyl-5-(1H-1,2,4-triazol-1-ylmethyl)-",CC(C)(C#N)c1cc(Cn2cncn2)cc(c1)C(C)(C)C#N
719345,Letrozole,N#Cc1ccc(cc1)C(n2cncn2)c3ccc(cc3)C#N
719345,Femara,N#Cc1ccc(cc1)C(n2cncn2)c3ccc(cc3)C#N
719345,LT2,-1
719345,CGS 20267,-1
719345,"4,4'-(1H-1,2,4-Triazol-1-ylmethylene)dibenzonitrile",N#Cc1ccc(cc1)C(n2cncn2)c3ccc(cc3)C#N
719627,Celecoxib,Cc1ccc(cc1)c2cc(nn2c3ccc(cc3)[S](N)(=O)=O)C(F)(F)F
719627,Celebrex,Cc1ccc(cc1)c2cc(nn2c3ccc(cc3)[S](N)(=O)=O)C(F)(F)F
719627,SC-58635,Cc1ccc(cc1)c2cc(nn2c3ccc(cc3)[S](N)(=O)=O)C(F)(F)F
719627,YM177,Cc1ccc(cc1)c2cc(nn2c3ccc(cc3)[S](N)(=O)=O)C(F)(F)F
719627,"Benzenesulfonamide, 4-[5-(4-methylphenyl)-3-(trifluoromethyl)-1H-pyrazol-1-yl]-",-1
721517,Zoledronic acid,-1
721517,Zometa,O.OC(Cn1ccnc1)([P](O)(O)=O)[P](O)(O)=O
721517,Zoledronate,OC(Cn1ccnc1)([P](O)(O)=O)[P](O)(O)=O
721517,CPG 42446,-1
721517,(1-Hydroxy-2-imidazol-1-ylethylidene)diphosphonic acid,-1
721517,"Phosphonic acid,[1-hydroxy-2-(1H-imidazol-1-yl)ethylidene]bis-",-1
732517,Dasatinib,Cc1nc(Nc2sc(cn2)C(=O)Nc3c(C)cccc3Cl)cc(n1)N4CCN(CCO)CC4
732517,Sprycel,Cc1nc(Nc2sc(cn2)C(=O)Nc3c(C)cccc3Cl)cc(n1)N4CCN(CCO)CC4
732517,BMS-354825,Cc1nc(Nc2sc(cn2)C(=O)Nc3c(C)cccc3Cl)cc(n1)N4CCN(CCO)CC4
732517,"N-(2-Chloro-6-methylphenyl)-2-[[6-[4-(2-hydroxyethyl)-1-piperazinyl]-2-methyl-4-pyrimidinyl]amino]-5-thiazolecarboxamide, monohydrate",-1
733504,Everolimus,CO[C@@H]1C[C@@H](CC[C@H]1OCCO)C[C@@H](C)[C@@H]2CC(=O)[C@H](C)\C=C(C)/[C@@H](O)[C@@H](OC)C(=O)[C@H](C)C[C@H](C)\C=C\C=C/C=C(C)/[C@H](C[C@@H]3CC[C@@H](C)[C@@](O)(O3)C(=O)C(=O)N4CCCC[C@H]4C(=O)O2)OC
733504,Afinitor,-1
743414,Imatinib mesylate,-1
743414,Gleevec,CN1CCN(CC1)Cc2ccc(cc2)C(=O)Nc3ccc(C)c(Nc4nccc(n4)c5cccnc5)c3.C[S](O)(=O)=O
743414,Glivec,CN1CCN(CC1)Cc2ccc(cc2)C(=O)Nc3ccc(C)c(Nc4nccc(n4)c5cccnc5)c3.C[S](O)(=O)=O
743414,Imatinib,CN1CCN(CC1)Cc2ccc(cc2)C(=O)Nc3ccc(C)c(Nc4nccc(n4)c5cccnc5)c3
743414,STI571,CN1CCN(CC1)Cc2ccc(cc2)C(=O)Nc3ccc(C)c(Nc4nccc(n4)c5cccnc5)c3
743414,CGP 57148,-1
743414,4-[(4-Methyl-1-piperazinyl)methyl]-N-[4-methyl-3-[[4-(3-pyridinyl)-2-pyrimidinyl]amino]-phenyl]benzamide,CN1CCN(CC1)Cc2ccc(cc2)C(=O)Nc3ccc(C)c(Nc4nccc(n4)c5cccnc5)c3
745750,Lapatinib ditosylate,-1
745750,Tykerb,O.Cc1ccc(cc1)[S](O)(=O)=O.Cc2ccc(cc2)[S](O)(=O)=O.C[S](=O)(=O)CCNCc3oc(cc3)c4ccc5ncnc(Nc6ccc(OCc7cccc(F)c7)c(Cl)c6)c5c4
745750,Lapatinib,C[S](=O)(=O)CCNCc1oc(cc1)c2ccc3ncnc(Nc4ccc(OCc5cccc(F)c5)c(Cl)c4)c3c2
745750,GW 572016,-1
745750,N-(3-Chloro-4-{[(3-fluorophenyl)methyl]oxy}phenyl)-6-[5-({[2-(methylsulfonyl)ethyl]amino}methyl)-2-furanyl]-4-quinazolinamine,C[S](=O)(=O)CCNCc1oc(cc1)c2ccc3ncnc(Nc4ccc(OCc5cccc(F)c5)c(Cl)c4)c3c2
747599,Nilotinib,-1
747599,Tasigna,-1
747599,AMN107,Cc1cn(cn1)c2cc(NC(=O)c3ccc(C)c(Nc4nccc(n4)c5cccnc5)c3)cc(c2)C(F)(F)F
747599,"Benzamide, 4-methyl-N-[3-(4-methyl-1H-imidazol-1-yl)-5-(trifluoromethyl)phenyl]-3-[[4-(3-pyridinyl)-2-pyrimidinyl]amino]-",-1
747971,Sorafenib tosylate,-1
747971,Nexavar,CNC(=O)c1cc(Oc2ccc(NC(=O)Nc3ccc(Cl)c(c3)C(F)(F)F)cc2)ccn1.Cc4ccc(cc4)[S](O)(=O)=O
747971,Sorafenib,CNC(=O)c1cc(Oc2ccc(NC(=O)Nc3ccc(Cl)c(c3)C(F)(F)F)cc2)ccn1
747971,BAY 43-9006 (free base),-1
747971,BAY 54-9085 (tosylate salt),-1
747971,N-(4-chloro-3-(trifluoromethyl)phenyl)-N'-(4-(2-(N-methylcar bamoyl)-4-pyridyloxy)phenyl)urea,-1
747971,4(4-{3-[4-Chloro-3-(trifluoromethyl)phenyl]ureido}phenoxy)-N(sup 2)-methylpyridine-2-carboxamide,-1
747971,SFN,[O-][S]([O-])=O
747972,Lenalidomide,Nc1cccc2C(=O)N(Cc12)C3CCC(=O)NC3=O
747972,Revlimid,Nc1cccc2C(=O)N(Cc12)C3CCC(=O)NC3=O
747972,CC-5013,Nc1cccc2C(=O)N(Cc12)C3CCC(=O)NC3=O
747972,"3-(7-Amino-3-oxo-1H-isoindol-2-yl)-piperidine-2,6-dione",Nc1cccc2C(=O)N(Cc12)C3CCC(=O)NC3=O
747972,"2,6-Piperidinedione, 3-(4-amino-1,3-dihydro-1-oxo-2H-isoindol-2-yl)-",-1
747973,Ixabepilone,C[C@H]1CCC[C@@]2(C)O[C@H]2C[C@H](NC(=O)C[C@H](O)C(C)(C)C(=O)[C@H](C)[C@H]1O)/C(C)=C/c3csc(C)n3
747973,Ixempra,-1
747973,Azaepothilone B,-1
747973,BMS-247550,-1
747973,"7-Oxa-4-azabicyclo[14.1.0]heptadecane -5,9-dione, 7,11-dihydroxy-8,8,10,12,16-pentamethyl-3-[(1E)-1-methyl-2-(2-methyl-4-thiazolyl)ethenyl]-, (1S,3S,7S,10R,11S,12S,16R)-",-1
747974,Raloxifene hydrochloride,-1
747974,Evista,[H+].[Cl-].Oc1ccc(cc1)c2sc3cc(O)ccc3c2C(=O)c4ccc(OCCN5CCCCC5)cc4
747974,Raloxifene,Oc1ccc(cc1)c2sc3cc(O)ccc3c2C(=O)c4ccc(OCCN5CCCCC5)cc4
747974,LY 139481,-1
747974,Keoxifene,Oc1ccc(cc1)c2sc3cc(O)ccc3c2C(=O)c4ccc(OCCN5CCCCC5)cc4
747974,[2-(4-Hydroxyphenyl)-6-hydroxybenzo[b]thien-3-yl][4-(2-(1-piperidinyl)ethoxy)phenyl]methanone,Oc1ccc(cc1)c2sc3cc(O)ccc3c2C(=O)c4ccc(OCCN5CCCCC5)cc4
747974,"Methanone, [6-Hydroxy-2-(4-hydroxyphenyl)benzo[b]thien-3-yl][4-[2-(1-piperidinyl)ethoxy]phenyl]-",-1
749226,Abiraterone,C[C@]12CC[C@H](O)CC1=CC[C@@H]3[C@@H]2CC[C@@]4(C)[C@H]3CC=C4c5cccnc5
749226,"17-(3-Pyridyl)androsta-5,16-dien-3.beta.-ol",C[C@]12CC[C@H](O)CC1=CC[C@@H]3[C@@H]2CC[C@@]4(C)[C@H]3CC=C4c5cccnc5
750690,Sunitinib (free base),-1
750690,Sutent (free base),-1
750690,Sunitinib (free base),-1
750690,"1H-Pyrrole-3-carboxamide, N-[2-(diethylamino)ethyl]-5-[(Z)-(5-fluoro-1,2-dihydro-2-oxo-3H-indol-3-ylidene)methyl]-2,4-dimethyl-",-1
750690,"1H-Pyrrole-3-carboxamide,2-dihydro-2-oxo-3H-indol-3-ylidene)methyl]-2,4-dimethyl-",-1
754143,Depsipeptide,C\C=C\1NC(=O)C2CSSCC\C=C\C(CC(=O)NC(C(C)C)C(=O)N2)OC(=O)C(NC1=O)C(C)C
754143,Antibiotic FR 901228,-1
754143,ROMIDEPSIN,C/C=C/1NC(=O)[C@H]2CSSCC/C=C/[C@H](CC(=O)N[C@H](C(C)C)C(=O)N2)OC(=O)[C@@H](NC1=O)C(C)C
754143,Romidepsin,C/C=C/1NC(=O)[C@H]2CSSCC/C=C/[C@H](CC(=O)N[C@H](C(C)C)C(=O)N2)OC(=O)[C@@H](NC1=O)C(C)C
754143,API0005301,-1
754143,FK228,-1
754143,"OXA-12,13-DITHIA-5,8,20,23-TETRAZABICYCLO[8.7.6]TRICOSANE, CYCLIC PEPTIDE DERIV.",-1
754143,"(E)-(1S,4S,10S,21R)-7-[(Z)-Ethylidene]-4,21-diisopropyl-2- oxa-12,13-dithia-5,8,20,23- tetraazabicyclo[8.7.6]tricos-16-ene-3,6,9,19,22-pentone",-1
754143,"L-Valine, N-(3-hydroxy-7-mercapto-1-oxo-4-heptenyl)valyl- cysteinyl-2,3-didehydro-2- aminobutanoyl-,.xi.-lactone, cyclic (1.fwdarw.2)-disulfide",-1
754230,pralatrexate,Nc1nc(N)c2nc(CC(CC#C)c3ccc(cc3)C(=O)N[C@@H](CCC(O)=O)C(O)=O)cnc2n1
754230,Folotyn,-1
755986,Vismodegib,-1
755986,"Vismodegib, free base",-1
755986,GDC-0449,-1
755986,V-4050,-1
755986,2-Chloro-N-(4-chloro-3-(2-pyridl)phenyl)-4-(methylsulfonyl)benzamide,-1
756645,PF-2341066,-1
756645,Crizotinib,-1
756645,Xalkori,-1
756645,S1068,-1
757441,AG-013736,CNC(=O)c1ccccc1Sc2ccc3c([nH]nc3\C=C\c4ccccn4)c2
757441,Axitinib,CNC(=O)c1ccccc1Sc2ccc3c([nH]nc3\C=C\c4ccccn4)c2
757441,S1005,-1
760766,Vandetanib,COc1cc2c(Nc3ccc(Br)cc3F)ncnc2cc1OCC4CCN(C)CC4
760766,V-9402,-1
761431,vemurafenib,-1
761431,Zelboraf,-1
761431,PLX4032,-1
761431,RG7204,-1
761432,Cabazitaxel,-1
761432,JEVTANA,-1
761432,XRP6258,-1
707389,Eribulin mesylate,-1
737754,Pazopanib hydrochloride,-1
753082,vemurafenib,-1
763371,Ruxolitinib,-1
